'https://scontent-yyz1-1.cdninstagram.com/v/t51.2885-15/40643540_265500904081383_3565038482800611379_n.jpg?stp=dst-jpg_e35&efg=eyJ2ZW5jb2RlX3RhZyI6ImltYWdlX3VybGdlbi4xMDgweDgxMC5zZHIifQ&_nc_ht=scontent-yyz1-1.cdninstagram.com&_nc_cat=103&_nc_ohc=Npdzk1LqiPMAX_a0DOh&edm=AABBvjUBAAAA&ccb=7-5&ig_cache_key=MTg2ODk2Nzg1Mjc0NjQ4ODEzOQ%3D%3D.2-ccb7-5&oh=00_AfBiBzHnU875KUtPP2t7LVgGcE32wNVPl3CtfcE17WC1DQ&oe=65861CB9&_nc_sid=4f4799',
 'https://scontent-yyz1-1.cdninstagram.com/v/t51.2885-15/57506540_1529724510495577_8134549505025986945_n.jpg?stp=dst-jpg_e35&efg=eyJ2ZW5jb2RlX3RhZyI6ImltYWdlX3VybGdlbi4xMDgweDEwODAuc2RyIn0&_nc_ht=scontent-yyz1-1.cdninstagram.com&_nc_cat=101&_nc_ohc=vNP7hvErvVwAX-jxt0-&edm=AABBvjUBAAAA&ccb=7-5&ig_cache_key=MjAzMDg4NDY0ODE2NDA4NTIwNg%3D%3D.2-ccb7-5&oh=00_AfDDbGXt5whQ0wNGuNU6HXUbIV8LigyLH1ZVTer8CnQpaA&oe=6585F709&_nc_sid=4f4799',
 'https://scontent-yyz1-1.cdninstagram.com/v/t51.2885-15/11380005_828409393916984_542898862_n.jpg?stp=dst-jpg_e15&efg=eyJ2ZW5jb2RlX3RhZyI6ImltYWdlX3VybGdlbi42NDB4NjQwLnNkciJ9&_nc_ht=scontent-yyz1-1.cdninstagram.com&_nc_cat=108&_nc_ohc=VXtbsKEuI6oAX-2JtnE&edm=AABBvjUBAAAA&ccb=7-5&ig_cache_key=OTk0NTI0OTQzNjE2NzM2MjUy.2-ccb7-5&oh=00_AfBQklHqZ0yYNFtmC_zk9IitdY2BQpCk_XKTg9EErNl6BQ&oe=6585FF07&_nc_sid=4f4799',
 'https://scontent-yyz1-1.cdninstagram.com/v/t51.2885-15/278718510_336855441766281_8497978093265504719_n.jpg?stp=dst-jpg_e35&efg=eyJ2ZW5jb2RlX3RhZyI6ImltYWdlX3VybGdlbi4xNDQweDEwODAuc2RyIn0&_nc_ht=scontent-yyz1-1.cdninstagram.com&_nc_cat=109&_nc_ohc=L85IRNngXrUAX8cf52B&edm=AABBvjUBAAAA&ccb=7-5&ig_cache_key=MjgyMDMyNTYxNTc1ODAzMjc2NA%3D%3D.2-ccb7-5&oh=00_AfCla9VrVe-bPMkz3PA6g0NwgVpr7uygT4uyuNzCz4ijwQ&oe=6584EAA1&_nc_sid=4f4799',
 'https://scontent-yyz1-1.cdninstagram.com/v/t51.2885-15/229075195_968219753966753_2073815968081346562_n.jpg?stp=dst-jpg_e35&efg=eyJ2ZW5jb2RlX3RhZyI6ImltYWdlX3VybGdlbi4xNDQweDEwODAuc2RyIn0&_nc_ht=scontent-yyz1-1.cdninstagram.com&_nc_cat=105&_nc_ohc=_KgMfyk07jcAX-sNiiu&edm=AABBvjUBAAAA&ccb=7-5&ig_cache_key=MjYzMDg1MDA3MTY1Mjc2MjUxOQ%3D%3D.2-ccb7-5&oh=00_AfBmhHhicXy0DdJ0o7E_cjBFHs73GVyLF-2-8Guhx26T1g&oe=6584D132&_nc_sid=4f4799',
 'https://scontent-yyz1-1.cdninstagram.com/v/t51.2885-15/45378448_217935639087719_2328565202026098724_n.jpg?stp=dst-jpg_e35&efg=eyJ2ZW5jb2RlX3RhZyI6ImltYWdlX3VybGdlbi4xMDgweDgwOS5zZHIifQ&_nc_ht=scontent-yyz1-1.cdninstagram.com&_nc_cat=111&_nc_ohc=kEGE5r7DSoIAX-De-ps&edm=AABBvjUBAAAA&ccb=7-5&ig_cache_key=MTk0NTI1MjA2NDY3NDcwMjQyMg%3D%3D.2-ccb7-5&oh=00_AfAlV_FQn9zmK3kXdHYlfigvLMTu9mNeJ9C-o8B6ULKNog&oe=65855159&_nc_sid=4f4799',
 'https://scontent-yyz1-1.cdninstagram.com/v/t51.2885-15/11373746_928593597204030_1227955703_n.jpg?stp=dst-jpg_e15&efg=eyJ2ZW5jb2RlX3RhZyI6ImltYWdlX3VybGdlbi42MTJ4NjEyLnNkciJ9&_nc_ht=scontent-yyz1-1.cdninstagram.com&_nc_cat=106&_nc_ohc=AV4CuHWGyD4AX_hO__s&edm=AABBvjUBAAAA&ccb=7-5&ig_cache_key=NTI2MTAyNDEyMjA2NDM4OTcy.2-ccb7-5&oh=00_AfAGW_DscgtjnKNKRmEeqZGGAl-e_qIyz6eK3qtpyDMgog&oe=6585328B&_nc_sid=4f4799',
 'https://scontent-yyz1-1.cdninstagram.com/v/t51.2885-15/133412689_225909388976647_5627109115815453168_n.jpg?stp=dst-jpg_e35&efg=eyJ2ZW5jb2RlX3RhZyI6ImltYWdlX3VybGdlbi4xNDQweDE4MDAuc2RyIn0&_nc_ht=scontent-yyz1-1.cdninstagram.com&_nc_cat=107&_nc_ohc=BJQZ6W-2Vb8AX-EOW_V&edm=AABBvjUBAAAA&ccb=7-5&ig_cache_key=MjQ3MjI1MTcwMTQ4MTg1MDQ0NA%3D%3D.2-ccb7-5&oh=00_AfAew00U4h_6MoaUWwJjmzSALFBo9PZVIE3bVTa3UCgWig&oe=65862E1D&_nc_sid=4f4799',
 'https://scontent-yyz1-1.cdninstagram.com/v/t51.2885-15/30602989_229982250915591_8914984966866075648_n.jpg?stp=dst-jpg_e35&efg=eyJ2ZW5jb2RlX3RhZyI6ImltYWdlX3VybGdlbi4xMDgweDEwODAuc2RyIn0&_nc_ht=scontent-yyz1-1.cdninstagram.com&_nc_cat=103&_nc_ohc=RCEFlHqk99MAX85GsGD&edm=AABBvjUBAAAA&ccb=7-5&ig_cache_key=MTc2NDkxOTM5MTE5NzUwNzUwOA%3D%3D.2-ccb7-5&oh=00_AfDzW_tF7ZYJjyPSIW4D2VqPLyni6jP7lzGTwsxmHvVJTw&oe=6585C00D&_nc_sid=4f4799',
 'https://scontent-yyz1-1.cdninstagram.com/v/t51.2885-15/72870194_142926727108194_1770533961837287942_n.jpg?stp=dst-jpg_e35&efg=eyJ2ZW5jb2RlX3RhZyI6ImltYWdlX3VybGdlbi4xNDQweDE0NDAuc2RyIn0&_nc_ht=scontent-yyz1-1.cdninstagram.com&_nc_cat=106&_nc_ohc=g5rCAhkqYoEAX8kDtSG&edm=AABBvjUBAAAA&ccb=7-5&ig_cache_key=MjE2MzU4MTAyNTk0MTY2MjY4Ng%3D%3D.2-ccb7-5&oh=00_AfCkkrtQttn01BBhCnJ-nQKjl431H2_DK_cdS5988e4XtQ&oe=6584EEB9&_nc_sid=4f4799',
 'https://scontent-yyz1-1.cdninstagram.com/v/t51.2885-15/65717377_612080365944941_3122332334064220332_n.jpg?stp=dst-jpg_e35&efg=eyJ2ZW5jb2RlX3RhZyI6ImltYWdlX3VybGdlbi4xNDQweDE0NDAuc2RyIn0&_nc_ht=scontent-yyz1-1.cdninstagram.com&_nc_cat=105&_nc_ohc=RY8uILBFEP4AX92-Pxy&edm=AABBvjUBAAAA&ccb=7-5&ig_cache_key=MjA3ODAyMjgwNjMwNTgyOTUwMA%3D%3D.2-ccb7-5&oh=00_AfCYiACcHUeDojgFvZqtUYyD5uZHB1FsXHvoN_UOTIt71Q&oe=65869F8A&_nc_sid=4f4799',
 'https://scontent-yyz1-1.cdninstagram.com/v/t51.2885-15/274451625_1126551048181670_6774795253719300309_n.jpg?stp=dst-jpg_e35&efg=eyJ2ZW5jb2RlX3RhZyI6ImltYWdlX3VybGdlbi4xNDQweDE4MDAuc2RyIn0&_nc_ht=scontent-yyz1-1.cdninstagram.com&_nc_cat=102&_nc_ohc=X0dEVpk1vx8AX-tNjRN&edm=AABBvjUBAAAA&ccb=7-5&ig_cache_key=Mjc3OTc2ODMwMTIyOTYzNjgwNg%3D%3D.2-ccb7-5&oh=00_AfD2s7i5XjdqfeRvm6zZwvVfnTD97g1SCbmOj7KWKN6xmQ&oe=6585667B&_nc_sid=4f4799',
 'https://scontent-yyz1-1.cdninstagram.com/v/t51.2885-15/69380470_402084630507476_3080332077651225123_n.jpg?stp=dst-jpg_e35&efg=eyJ2ZW5jb2RlX3RhZyI6ImltYWdlX3VybGdlbi4xNDQweDE0NDAuc2RyIn0&_nc_ht=scontent-yyz1-1.cdninstagram.com&_nc_cat=108&_nc_ohc=vuKModp6YdMAX-fXzZN&edm=AABBvjUBAAAA&ccb=7-5&ig_cache_key=MjEzNzQ4MjU1NDcyNTcwMzUyNA%3D%3D.2-ccb7-5&oh=00_AfAa8_JNpEaxXSHu1XKQvzz3e5qvkauZ1uNNTpenoNyvyw&oe=6584CB01&_nc_sid=4f4799',
 'https://scontent-yyz1-1.cdninstagram.com/v/t51.2885-15/10724877_962768450417311_1384120615_n.jpg?stp=dst-jpg_e15&efg=eyJ2ZW5jb2RlX3RhZyI6ImltYWdlX3VybGdlbi42NDB4NjQwLnNkciJ9&_nc_ht=scontent-yyz1-1.cdninstagram.com&_nc_cat=107&_nc_ohc=E_7kwaX-a78AX-2NKxE&edm=AABBvjUBAAAA&ccb=7-5&ig_cache_key=ODgyOTI3NjYwMzkyMTUyMDM0.2-ccb7-5&oh=00_AfChuYQk8slM_M-l6mEvzE3jCQBgOmi2-qPqylNihCVMvg&oe=6586A056&_nc_sid=4f4799',
 'https://scontent-yyz1-1.cdninstagram.com/v/t51.2885-15/278708665_1159413511541344_1826661119150086918_n.jpg?stp=dst-jpg_e35&efg=eyJ2ZW5jb2RlX3RhZyI6ImltYWdlX3VybGdlbi4xNDQweDEwODMuc2RyIn0&_nc_ht=scontent-yyz1-1.cdninstagram.com&_nc_cat=104&_nc_ohc=JbgpNfgy3-cAX9jvQjn&edm=AABBvjUBAAAA&ccb=7-5&ig_cache_key=MjgyMDMyNTYxNTc1ODEwNjk0Ng%3D%3D.2-ccb7-5&oh=00_AfBA-7rtKMS1PbN4ImEHbKvqh6Y7C1sd9ELmT8SEwdygnQ&oe=658691C2&_nc_sid=4f4799',
 'https://scontent-yyz1-1.cdninstagram.com/v/t51.2885-15/116581487_612650596314339_2343463424321169482_n.jpg?stp=dst-jpg_e35&efg=eyJ2ZW5jb2RlX3RhZyI6ImltYWdlX3VybGdlbi4xNDQweDEwODAuc2RyIn0&_nc_ht=scontent-yyz1-1.cdninstagram.com&_nc_cat=103&_nc_ohc=9JnCN8eocp0AX_WOdeM&edm=AABBvjUBAAAA&ccb=7-5&ig_cache_key=MjM2MTg5Nzg5NTYwMDY0OTc5NA%3D%3D.2-ccb7-5&oh=00_AfDZyQbAKyyXTfP9WH4e-UEhpnD4bimU-4i0vMLttM_1jw&oe=65859F04&_nc_sid=4f4799',
 'https://scontent-yyz1-1.cdninstagram.com/v/t51.2885-15/21910833_1858137017835187_8499544140512493568_n.jpg?stp=dst-jpg_e35&efg=eyJ2ZW5jb2RlX3RhZyI6ImltYWdlX3VybGdlbi43MTh4NzE4LnNkciJ9&_nc_ht=scontent-yyz1-1.cdninstagram.com&_nc_cat=107&_nc_ohc=JAetqypmku0AX8MsYPv&edm=AABBvjUBAAAA&ccb=7-5&ig_cache_key=MTYwOTg5MDAxNDkzNDUyOTEwMA%3D%3D.2-ccb7-5&oh=00_AfAHdcF0qdEIClBf4lTnFgvnvw7Mww11tXFdppcUv42NXg&oe=6585186C&_nc_sid=4f4799',
 'https://scontent-yyz1-1.cdninstagram.com/v/t51.2885-15/10860128_744762782304420_2086713966_n.jpg?stp=dst-jpg_e15&efg=eyJ2ZW5jb2RlX3RhZyI6ImltYWdlX3VybGdlbi42NDB4NjQwLnNkciJ9&_nc_ht=scontent-yyz1-1.cdninstagram.com&_nc_cat=100&_nc_ohc=tDWyjE8uDdIAX-5qNeY&edm=AABBvjUBAAAA&ccb=7-5&ig_cache_key=ODg0MTU5MzgzMjA5NjcxMjcw.2-ccb7-5&oh=00_AfCIQVOpD3vppadRz_sk9a_j5_4c42ThKBd7wbX331P_mQ&oe=6585B1F4&_nc_sid=4f4799',
 'https://scontent-yyz1-1.cdninstagram.com/v/t51.2885-15/11327218_1631250893755242_917809365_n.jpg?stp=dst-jpg_e15&efg=eyJ2ZW5jb2RlX3RhZyI6ImltYWdlX3VybGdlbi42NDB4NjQwLnNkciJ9&_nc_ht=scontent-yyz1-1.cdninstagram.com&_nc_cat=106&_nc_ohc=7akwXmFAZu0AX-eLYu1&edm=AABBvjUBAAAA&ccb=7-5&ig_cache_key=NjcyNTkxNDM1NDc2NDAwNzMz.2-ccb7-5&oh=00_AfDXIwOai00C4Ocl8QT2nCc3jVvtQ7GNr78w7d2j290_dA&oe=6584C7C5&_nc_sid=4f4799',
 'https://scontent-yyz1-1.cdninstagram.com/v/t51.2885-15/245201397_625413892164636_5801209561843288905_n.jpg?stp=dst-jpg_e35&efg=eyJ2ZW5jb2RlX3RhZyI6ImltYWdlX3VybGdlbi4xNDQweDE0NDAuc2RyIn0&_nc_ht=scontent-yyz1-1.cdninstagram.com&_nc_cat=100&_nc_ohc=VHfjhIom7VkAX8Obw64&edm=AABBvjUBAAAA&ccb=7-5&ig_cache_key=MjY4MzA5OTM2NTMxNTE0MzQzNw%3D%3D.2-ccb7-5&oh=00_AfC87OkyvlmXgKXA8aIr9CE7Qs5Wx2cb42LCJnVQzspJew&oe=6585EBF1&_nc_sid=4f4799',
 'https://scontent-yyz1-1.cdninstagram.com/o1/v/t16/f1/m69/GHxfWRDZ4EtD39oAAA24vl2ZBu5TbkYLAAAF.mp4?efg=eyJxZV9ncm91cHMiOiJbXCJpZ193ZWJfZGVsaXZlcnlfdnRzX290ZlwiXSIsInZlbmNvZGVfdGFnIjoidnRzX3ZvZF91cmxnZW4uY2Fyb3VzZWxfaXRlbS5jMi43MjAuYmFzZWxpbmUifQ&_nc_ht=scontent-yyz1-1.cdninstagram.com&_nc_cat=107&vs=1599292873766694_657132681&_nc_vs=HBksFQIYOnBhc3N0aHJvdWdoX2V2ZXJzdG9yZS9HSHhmV1JEWjRFdEQzOW9BQUEyNHZsMlpCdTVUYmtZTEFBQUYVAALIAQAVAhg6cGFzc3Rocm91Z2hfZXZlcnN0b3JlL0dNVnZYaEF2LVhlaDNuZ0JBTG0xSU12Z3lSWXVia1lMQUFBRhUCAsgBACgAGAAbAYgHdXNlX29pbAEwFQAAJrTzzPfLhcVAFQIoAkMzLBdAPcQYk3S8ahgSZGFzaF9iYXNlbGluZV8xX3YxEQB17gcA&_nc_rid=4190e41718&ccb=9-4&oh=00_AfDaFW4a7VWOOuxRAALjt7Ex12gfJ3YIPggAMDXO6NUUCw&oe=65829222&_nc_sid=4f4799',
 'https://scontent-yyz1-1.cdninstagram.com/v/t51.2885-15/17818621_224822671329435_4767463026259394560_n.jpg?stp=dst-jpg_e15_s640x640&_nc_ht=scontent-yyz1-1.cdninstagram.com&_nc_cat=103&_nc_ohc=sLuAqozPdG4AX8C3xl3&edm=APfKNqwBAAAA&ccb=7-5&oh=00_AfD4yoXfx_iyCeIMjcAD0hGbWxfMHe8fcKQdp4wzhOzbfA&oe=65820E2D&_nc_sid=721f0c',
 'https://scontent-yyz1-1.cdninstagram.com/v/t51.2885-15/11355809_450333925128804_958626745_n.jpg?stp=dst-jpg_e15&efg=eyJ2ZW5jb2RlX3RhZyI6ImltYWdlX3VybGdlbi42NDB4NjQwLnNkciJ9&_nc_ht=scontent-yyz1-1.cdninstagram.com&_nc_cat=100&_nc_ohc=lxkoCoQJ7McAX8geKiZ&edm=AABBvjUBAAAA&ccb=7-5&ig_cache_key=MTAxNzQ2ODU1NDg3NjQ1MTA3Nw%3D%3D.2-ccb7-5&oh=00_AfD-wXAG6tRBNOZds6OKUbCFJMwvM_VyCjFVbiMfiiUg2Q&oe=65864437&_nc_sid=4f4799',
 'https://scontent-yyz1-1.cdninstagram.com/v/t51.2885-15/18252912_286654725117384_1836675363212623872_n.jpg?stp=dst-jpg_e35&efg=eyJ2ZW5jb2RlX3RhZyI6ImltYWdlX3VybGdlbi4xMDgweDgwOS5zZHIifQ&_nc_ht=scontent-yyz1-1.cdninstagram.com&_nc_cat=100&_nc_ohc=RKm8Tquxs88AX85Sw9_&edm=AABBvjUBAAAA&ccb=7-5&ig_cache_key=MTUwNTk4MzgxNDg5OTcxODAyOQ%3D%3D.2-ccb7-5&oh=00_AfDoJxGc8bM08lqnx1BdPhKc7kjaoH-wbydpJmir2RJWLw&oe=6585FBDA&_nc_sid=4f4799',
 'https://scontent-yyz1-1.cdninstagram.com/v/t51.2885-15/25009869_405027526595209_4064557878415982592_n.jpg?stp=dst-jpg_e35&efg=eyJ2ZW5jb2RlX3RhZyI6ImltYWdlX3VybGdlbi4xMDgweDEwODAuc2RyIn0&_nc_ht=scontent-yyz1-1.cdninstagram.com&_nc_cat=101&_nc_ohc=5p7KLOnqB8kAX8yuQpW&edm=AABBvjUBAAAA&ccb=7-5&ig_cache_key=MTY3NTYzODkwMTM4MDY4MzM1NA%3D%3D.2-ccb7-5&oh=00_AfDc_Ufcp2AZqkX4RLBr7zejfZU657XpnZQuC6g33iFfVg&oe=6584EA87&_nc_sid=4f4799',
 'https://scontent-yyz1-1.cdninstagram.com/v/t51.2885-15/21042780_165085504041945_8850496870435258368_n.jpg?stp=dst-jpg_e35&efg=eyJ2ZW5jb2RlX3RhZyI6ImltYWdlX3VybGdlbi4xMDgweDEwNzQuc2RyIn0&_nc_ht=scontent-yyz1-1.cdninstagram.com&_nc_cat=109&_nc_ohc=xCiOlsD41c0AX-dWG7E&edm=AABBvjUBAAAA&ccb=7-5&ig_cache_key=MTU5MDY1OTE3MzM4MTQ4NzM2OA%3D%3D.2-ccb7-5&oh=00_AfDCV6yFiB4Qxd4JEJbN_JW6Y9JFFE1FIspStOdam21b6Q&oe=65850FB9&_nc_sid=4f4799',
 'https://scontent-yyz1-1.cdninstagram.com/v/t51.2885-15/70810865_365413527671894_7976802629029743419_n.jpg?stp=dst-jpg_e35&efg=eyJ2ZW5jb2RlX3RhZyI6ImltYWdlX3VybGdlbi4xNDQweDg4Mi5zZHIifQ&_nc_ht=scontent-yyz1-1.cdninstagram.com&_nc_cat=102&_nc_ohc=tL7E0lmzy70AX_oBs2q&edm=AABBvjUBAAAA&ccb=7-5&ig_cache_key=MjEzODk3MDczNzQ3Mjc3MjU0Mw%3D%3D.2-ccb7-5&oh=00_AfArezhqbVEgeqYVJuX4aM5pH58P9Of7Wgu3lSobg7NGmw&oe=6584AB19&_nc_sid=4f4799',
 'https://scontent-yyz1-1.cdninstagram.com/v/t51.2885-15/61676550_1333141686842745_6133923599838140362_n.jpg?stp=dst-jpg_e35&efg=eyJ2ZW5jb2RlX3RhZyI6ImltYWdlX3VybGdlbi4xNDQweDE0NDAuc2RyIn0&_nc_ht=scontent-yyz1-1.cdninstagram.com&_nc_cat=109&_nc_ohc=tcXJRVjpVjEAX9CDo12&edm=AABBvjUBAAAA&ccb=7-5&ig_cache_key=MjA2NjIzNzk5Mzk3ODgzMzI5OQ%3D%3D.2-ccb7-5&oh=00_AfDacjCYGZSRrSoCmRfhzpxgIDGv-4jcOG0MWLqXW7ZSKQ&oe=65867396&_nc_sid=4f4799',
 'https://scontent-yyz1-1.cdninstagram.com/v/t51.2885-15/274519663_707752610217029_1121408453825148994_n.jpg?stp=dst-jpg_e35&_nc_ht=scontent-yyz1-1.cdninstagram.com&_nc_cat=105&_nc_ohc=bklSP1lsfooAX97GLfV&edm=AABBvjUBAAAA&ccb=7-5&ig_cache_key=Mjc3OTc2ODMwMTI0NjI0ODI5NA%3D%3D.2-ccb7-5&oh=00_AfAijN0tzMMAN5PExgOqwAdYcjwy4APBSDgM6HKAXbh5Ug&oe=65862D30&_nc_sid=4f4799',
 'https://scontent-yyz1-1.cdninstagram.com/v/t51.2885-15/61833683_388237832049048_5474240676293805187_n.jpg?stp=dst-jpg_e35&efg=eyJ2ZW5jb2RlX3RhZyI6ImltYWdlX3VybGdlbi4xNDQweDE0NDAuc2RyIn0&_nc_ht=scontent-yyz1-1.cdninstagram.com&_nc_cat=100&_nc_ohc=wcukjetYD-EAX_Ijj3e&edm=AABBvjUBAAAA&ccb=7-5&ig_cache_key=MjA2NjIzNzk5Mzk4NzMxOTY4Mg%3D%3D.2-ccb7-5&oh=00_AfBIuSJGJUN_nUw_iIGrdD1TIPR08DDNYIbvbAB37Tg6HA&oe=6586505F&_nc_sid=4f4799',
 'https://scontent-yyz1-1.cdninstagram.com/v/t51.2885-15/21373261_350398182066536_3364469142492020736_n.jpg?stp=dst-jpg_e35&efg=eyJ2ZW5jb2RlX3RhZyI6ImltYWdlX3VybGdlbi4xMDgweDEwODAuc2RyIn0&_nc_ht=scontent-yyz1-1.cdninstagram.com&_nc_cat=108&_nc_ohc=FF5QRoqG4CcAX9F_ehv&edm=AABBvjUBAAAA&ccb=7-5&ig_cache_key=MTU5ODg1Mzg0MjU1MjY2MzcyNQ%3D%3D.2-ccb7-5&oh=00_AfDco1iaE2NHp2NagD2Q7O-Up12bua3vjVy0Sl-WJ0lCeg&oe=6585585F&_nc_sid=4f4799',
 'https://scontent-yyz1-1.cdninstagram.com/v/t51.2885-15/61949848_112863706444183_3478831193529577619_n.jpg?stp=dst-jpg_e35&efg=eyJ2ZW5jb2RlX3RhZyI6ImltYWdlX3VybGdlbi4xNDQweDE0NDAuc2RyIn0&_nc_ht=scontent-yyz1-1.cdninstagram.com&_nc_cat=107&_nc_ohc=F8-zn5nPs08AX-OCAbn&edm=AABBvjUBAAAA&ccb=7-5&ig_cache_key=MjA2NjIzNzk5Mzk3MDM3ODMzMQ%3D%3D.2-ccb7-5&oh=00_AfCPqCQcqFnb8Qc2-0plQW9SuwDus0hQhlxxgVPpDJH8ug&oe=65868A27&_nc_sid=4f4799',
 'https://scontent-yyz1-1.cdninstagram.com/v/t51.2885-15/32450787_336917643504610_5733786876372844544_n.jpg?stp=dst-jpg_e35&efg=eyJ2ZW5jb2RlX3RhZyI6ImltYWdlX3VybGdlbi4xMDgweDEwODAuc2RyIn0&_nc_ht=scontent-yyz1-1.cdninstagram.com&_nc_cat=110&_nc_ohc=UOjNC09sCbkAX9oBpkj&edm=AABBvjUBAAAA&ccb=7-5&ig_cache_key=MTc4NzA4MDI2NzM1MTQzMDg4NQ%3D%3D.2-ccb7-5&oh=00_AfBTLeUT7uOD_gvt3Htkmzj7geQEhPsThazYCAllYsLhjA&oe=6584CE74&_nc_sid=4f4799',
 'https://scontent-yyz1-1.cdninstagram.com/v/t51.2885-15/46655315_414248055780877_1221414909434712563_n.jpg?stp=dst-jpg_e35&efg=eyJ2ZW5jb2RlX3RhZyI6ImltYWdlX3VybGdlbi4xMDgweDgzOS5zZHIifQ&_nc_ht=scontent-yyz1-1.cdninstagram.com&_nc_cat=101&_nc_ohc=vuQFkWrN-F8AX_mCaAA&edm=AABBvjUBAAAA&ccb=7-5&ig_cache_key=MTk0NzI1MTQ3MDgxMDY3MDc0Mg%3D%3D.2-ccb7-5&oh=00_AfClXo4Hb1sN3AvlMIUOK4E2SkkSZDfbxduPTtgkvxClRA&oe=6586284E&_nc_sid=4f4799',
 'https://scontent-yyz1-1.cdninstagram.com/v/t51.2885-15/75252757_940709049637277_9012977025841171586_n.jpg?stp=dst-jpg_e35&efg=eyJ2ZW5jb2RlX3RhZyI6ImltYWdlX3VybGdlbi4xNDQweDE0NDAuc2RyIn0&_nc_ht=scontent-yyz1-1.cdninstagram.com&_nc_cat=105&_nc_ohc=m7mzJrNKmOYAX-H4doL&edm=AABBvjUBAAAA&ccb=7-5&ig_cache_key=MjE2MzU4MTAyNTkzMzI0NjE0Ng%3D%3D.2-ccb7-5&oh=00_AfDqejoFSaEaJvMMgu-S_DdnSixqtpzAdT262bDP5uTbQw&oe=6584CD52&_nc_sid=4f4799',
 'https://scontent-yyz1-1.cdninstagram.com/v/t51.2885-15/14718254_1869595773263996_1210732344231591936_n.jpg?stp=dst-jpg_e15_s640x640&_nc_ht=scontent-yyz1-1.cdninstagram.com&_nc_cat=108&_nc_ohc=lmly5JEJ6WgAX-gSlUw&edm=APfKNqwBAAAA&ccb=7-5&oh=00_AfB5PKGgmZB9VX18mVvgKcXfmjZVTFnh_A44EmV2jg7RPA&oe=65824365&_nc_sid=721f0c',
 'https://scontent-yyz1-1.cdninstagram.com/v/t51.2885-15/25008893_560829100927020_8061816673025392640_n.jpg?stp=dst-jpg_e35&efg=eyJ2ZW5jb2RlX3RhZyI6ImltYWdlX3VybGdlbi4xMDgweDgwOS5zZHIifQ&_nc_ht=scontent-yyz1-1.cdninstagram.com&_nc_cat=100&_nc_ohc=qKeTPAYFvBkAX8swXxg&edm=AABBvjUBAAAA&ccb=7-5&ig_cache_key=MTY2NjQzODAwNjk4NjA1NTg1Mw%3D%3D.2-ccb7-5&oh=00_AfD-0GGGywddU9wi9YZ6ycp6h7lBMJYCfIK7sJoSevxqeg&oe=658617B9&_nc_sid=4f4799',
 'https://scontent-yyz1-1.cdninstagram.com/v/t51.2885-15/278845275_1365821860511674_5586320198689975053_n.jpg?stp=dst-jpg_e35&efg=eyJ2ZW5jb2RlX3RhZyI6ImltYWdlX3VybGdlbi4xNDQweDEwODUuc2RyIn0&_nc_ht=scontent-yyz1-1.cdninstagram.com&_nc_cat=110&_nc_ohc=YlE0rZdalGkAX8NrKGg&edm=AABBvjUBAAAA&ccb=7-5&ig_cache_key=MjgyMDMyNTYxNTc1ODAxNzIwOA%3D%3D.2-ccb7-5&oh=00_AfBAaWUWxErCa26ppIFUBq775wS4gtav3oo7ZNo-Lm1-qg&oe=658681DB&_nc_sid=4f4799',
 'https://scontent-yyz1-1.cdninstagram.com/v/t51.2885-15/11192967_820926211289915_313084792_n.jpg?stp=dst-jpg_e15&efg=eyJ2ZW5jb2RlX3RhZyI6ImltYWdlX3VybGdlbi42MTJ4NjEyLnNkciJ9&_nc_ht=scontent-yyz1-1.cdninstagram.com&_nc_cat=111&_nc_ohc=6ckbOoRTdKwAX8l9_AK&edm=AABBvjUBAAAA&ccb=7-5&ig_cache_key=MTY3NDYyNjQxMTM1NjgwNDM4.2-ccb7-5&oh=00_AfDVPCvGT5FXbysoHsw5H-mZlbn76HJJr866Kz8GXIDTUA&oe=6585133B&_nc_sid=4f4799',
 'https://scontent-yyz1-1.cdninstagram.com/v/t51.2885-15/296202502_171554715357959_1361927266562022198_n.jpg?stp=dst-jpg_e35&efg=eyJ2ZW5jb2RlX3RhZyI6ImltYWdlX3VybGdlbi4xNDQweDE0NDAuc2RyIn0&_nc_ht=scontent-yyz1-1.cdninstagram.com&_nc_cat=111&_nc_ohc=xpR7Z3Ror8gAX8GiTv0&edm=AABBvjUBAAAA&ccb=7-5&ig_cache_key=Mjg5MTMyNjA1MjcxMTM0MTY0MQ%3D%3D.2-ccb7-5&oh=00_AfBKtEdVU_1u67hLj1LSWeRC0YdMcIZvF3tZ2OyCfUae_w&oe=65867153&_nc_sid=4f4799',
 'https://scontent-yyz1-1.cdninstagram.com/v/t51.2885-15/58410767_399337757287807_4896451721286996101_n.jpg?stp=dst-jpg_e35&efg=eyJ2ZW5jb2RlX3RhZyI6ImltYWdlX3VybGdlbi4xMDgweDEwODAuc2RyIn0&_nc_ht=scontent-yyz1-1.cdninstagram.com&_nc_cat=107&_nc_ohc=mYuAho_CdkcAX_kaW24&edm=AABBvjUBAAAA&ccb=7-5&ig_cache_key=MjAzMTU3MjY4MjY2MzIzMDYyOQ%3D%3D.2-ccb7-5&oh=00_AfCRg2gkFi-fYW0hzOeLWt4x3kvWlbCqiZ_rh_t8g8XBbQ&oe=65860D29&_nc_sid=4f4799',
 'https://scontent-yyz1-1.cdninstagram.com/v/t51.2885-15/60833514_2475080225838223_39449016844543391_n.jpg?stp=dst-jpg_e35&efg=eyJ2ZW5jb2RlX3RhZyI6ImltYWdlX3VybGdlbi4xNDQweDE0NDAuc2RyIn0&_nc_ht=scontent-yyz1-1.cdninstagram.com&_nc_cat=107&_nc_ohc=fYlHQOBKMlMAX8ymw0E&edm=AABBvjUBAAAA&ccb=7-5&ig_cache_key=MjA1NzE0NjgxNzMyNTU3NDY5OQ%3D%3D.2-ccb7-5&oh=00_AfCeNMuvUYUXtq9zUVqtn9AEn0kNYR7V-lsfg1YUKv9IOw&oe=65855EFE&_nc_sid=4f4799',
 'https://scontent-yyz1-1.cdninstagram.com/v/t51.2885-15/11142839_828635973896731_2105713656_n.jpg?stp=dst-jpg_e15&efg=eyJ2ZW5jb2RlX3RhZyI6ImltYWdlX3VybGdlbi42MTJ4NjEyLnNkciJ9&_nc_ht=scontent-yyz1-1.cdninstagram.com&_nc_cat=107&_nc_ohc=kN_PrZK4F_EAX-6RGDb&edm=AABBvjUBAAAA&ccb=7-5&ig_cache_key=MTY0NzEyMjkyMDcxMTQzODc3.2-ccb7-5&oh=00_AfAH8mJEMkydSuk1YREsysauVf-gqj8Gbdhl21KKAxfB6w&oe=65869067&_nc_sid=4f4799',
 'https://scontent-yyz1-1.cdninstagram.com/v/t51.2885-15/278718510_336855441766281_8497978093265504719_n.jpg?stp=dst-jpg_e35&_nc_ht=scontent-yyz1-1.cdninstagram.com&_nc_cat=109&_nc_ohc=L85IRNngXrUAX8cf52B&edm=AABBvjUBAAAA&ccb=7-5&ig_cache_key=MjgyMDMyNTYxNTc1ODAzMjc2NA%3D%3D.2-ccb7-5&oh=00_AfCla9VrVe-bPMkz3PA6g0NwgVpr7uygT4uyuNzCz4ijwQ&oe=6584EAA1&_nc_sid=4f4799',
 'https://scontent-yyz1-1.cdninstagram.com/v/t51.2885-15/11205793_938945919495290_243373891_n.jpg?stp=dst-jpg_e15&efg=eyJ2ZW5jb2RlX3RhZyI6ImltYWdlX3VybGdlbi42MTJ4NjEyLnNkciJ9&_nc_ht=scontent-yyz1-1.cdninstagram.com&_nc_cat=102&_nc_ohc=p8ayYoIDwEkAX8NM6R4&edm=AABBvjUBAAAA&ccb=7-5&ig_cache_key=MjEwMTkzNzU2OTQyMTM3ODg3.2-ccb7-5&oh=00_AfB9LRxL2btYgJ8zKDWfQU3ZryVcrZEOGXjdJuvJaWEEhA&oe=65862E86&_nc_sid=4f4799',
 'https://scontent-yyz1-1.cdninstagram.com/v/t51.2885-15/278709407_542071970608238_2093948619469355254_n.jpg?stp=dst-jpg_e15&efg=eyJ2ZW5jb2RlX3RhZyI6ImltYWdlX3VybGdlbi43MjB4NTQwLnNkciJ9&_nc_ht=scontent-yyz1-1.cdninstagram.com&_nc_cat=102&_nc_ohc=VA7ncn4r2YAAX-Oq3fl&edm=AABBvjUBAAAA&ccb=7-5&ig_cache_key=MjgyMDMyMzU5OTcyMTk4MjkyOA%3D%3D.2-ccb7-5&oh=00_AfDxkR2CeZxs56FzMl-Oee1AP41Pyn0TJv-dieH4FKHm-g&oe=65858487&_nc_sid=4f4799',
 'https://scontent-yyz1-1.cdninstagram.com/v/t51.2885-15/286098607_755869145419305_8379078673656337185_n.jpg?stp=dst-jpg_e35&efg=eyJ2ZW5jb2RlX3RhZyI6ImltYWdlX3VybGdlbi4xNDQweDE3OTkuc2RyIn0&_nc_ht=scontent-yyz1-1.cdninstagram.com&_nc_cat=109&_nc_ohc=dhMK2vughDcAX8vRKWQ&edm=AABBvjUBAAAA&ccb=7-5&ig_cache_key=Mjg1NDI5MDUxOTQ4NTA4MjUzNQ%3D%3D.2-ccb7-5&oh=00_AfB-b1PmTfMy4Zf8keyoH4e0Oytx71kpJpjGd1xjyINW3A&oe=65853820&_nc_sid=4f4799',
 'https://scontent-yyz1-1.cdninstagram.com/v/t51.2885-15/72870194_142926727108194_1770533961837287942_n.jpg?stp=dst-jpg_e35&_nc_ht=scontent-yyz1-1.cdninstagram.com&_nc_cat=106&_nc_ohc=g5rCAhkqYoEAX8kDtSG&edm=AABBvjUBAAAA&ccb=7-5&ig_cache_key=MjE2MzU4MTAyNTk0MTY2MjY4Ng%3D%3D.2-ccb7-5&oh=00_AfCkkrtQttn01BBhCnJ-nQKjl431H2_DK_cdS5988e4XtQ&oe=6584EEB9&_nc_sid=4f4799',
 'https://scontent-yyz1-1.cdninstagram.com/v/t51.2885-15/101826704_2166977650115126_6172622920833097453_n.jpg?stp=dst-jpg_e35&efg=eyJ2ZW5jb2RlX3RhZyI6ImltYWdlX3VybGdlbi4xNDQweDEwODAuc2RyIn0&_nc_ht=scontent-yyz1-1.cdninstagram.com&_nc_cat=102&_nc_ohc=lBuUSzweuVcAX8x88wV&edm=AABBvjUBAAAA&ccb=7-5&ig_cache_key=MjMyMzgwOTc0MDY0MTMxMTgxOA%3D%3D.2-ccb7-5&oh=00_AfDFdamGH2jNXmY7skwX09aX3aJKr3izPIyz-BUAJAZSng&oe=65858DE2&_nc_sid=4f4799',
 'https://scontent-yyz1-1.cdninstagram.com/v/t51.2885-15/1662348_1514843502074633_1195770270_n.jpg?stp=dst-jpg_e15&efg=eyJ2ZW5jb2RlX3RhZyI6ImltYWdlX3VybGdlbi42MTJ4NjEyLnNkciJ9&_nc_ht=scontent-yyz1-1.cdninstagram.com&_nc_cat=105&_nc_ohc=w3rPW-liKp4AX_YDH94&edm=AABBvjUBAAAA&ccb=7-5&ig_cache_key=NjUzMjQyMjkxMDEyMTM5MDc5.2-ccb7-5&oh=00_AfCvFU7doLdJbCv2ZkI2hhD0nuk-Bo0ldnzBIViZZ9iZmw&oe=6585EB9B&_nc_sid=4f4799',
 'https://scontent-yyz1-1.cdninstagram.com/v/t51.2885-15/1599951_584402974968050_331905554_n.jpg?stp=dst-jpg_e15&efg=eyJ2ZW5jb2RlX3RhZyI6ImltYWdlX3VybGdlbi42MTJ4NjEyLnNkciJ9&_nc_ht=scontent-yyz1-1.cdninstagram.com&_nc_cat=102&_nc_ohc=p9dQoQUt7loAX-vu93o&edm=AABBvjUBAAAA&ccb=7-5&ig_cache_key=NjU1ODA4OTAyMzU3MjE5OTk3.2-ccb7-5&oh=00_AfC22XAHxY3p5UqlawRmPFQQwg3a3CxMD65BvL8zlFSOzQ&oe=658588A0&_nc_sid=4f4799',
 'https://scontent-yyz1-1.cdninstagram.com/v/t51.2885-15/123145134_656390898570953_4264777638419088447_n.jpg?stp=dst-jpg_e35&efg=eyJ2ZW5jb2RlX3RhZyI6ImltYWdlX3VybGdlbi4xNDQweDEyMTguc2RyIn0&_nc_ht=scontent-yyz1-1.cdninstagram.com&_nc_cat=105&_nc_ohc=XVoSc3lLbXgAX-kUE6n&edm=AABBvjUBAAAA&ccb=7-5&ig_cache_key=MjQzMjQwMTYyNDAwMTIxNzYwNQ%3D%3D.2-ccb7-5&oh=00_AfDclNTiPQQZnmdSW5V2zb8oxiYuLStxwgvENfa8ZHZpLw&oe=6585C2E6&_nc_sid=4f4799',
 'https://scontent-yyz1-1.cdninstagram.com/v/t51.2885-15/11190010_743151425802429_72709893_n.jpg?stp=dst-jpg_e15&efg=eyJ2ZW5jb2RlX3RhZyI6ImltYWdlX3VybGdlbi42MTJ4NjEyLnNkciJ9&_nc_ht=scontent-yyz1-1.cdninstagram.com&_nc_cat=109&_nc_ohc=U0VeDI09PBoAX8B-LiO&edm=AABBvjUBAAAA&ccb=7-5&ig_cache_key=MTY1OTU1MDU1OTA3NDA0NTcy.2-ccb7-5&oh=00_AfBQNtbgyq9d1ffSsAH67T4JaNV7W8bRkX16aTDPoZalnQ&oe=6585A2BE&_nc_sid=4f4799',
 'https://scontent-yyz1-1.cdninstagram.com/v/t51.2885-15/11189374_700969390009236_259727346_n.jpg?stp=dst-jpg_e15&efg=eyJ2ZW5jb2RlX3RhZyI6ImltYWdlX3VybGdlbi42MTJ4NjEyLnNkciJ9&_nc_ht=scontent-yyz1-1.cdninstagram.com&_nc_cat=100&_nc_ohc=oYlPvbPpQAYAX95VwH8&edm=AABBvjUBAAAA&ccb=7-5&ig_cache_key=MTYwMTgxOTQ0MjU5ODY5MjI0.2-ccb7-5&oh=00_AfDY35m37zV_05Tc_gUSMZ6N9iIq9rvxT9SeaEOHaYz4Sg&oe=6584D7D9&_nc_sid=4f4799',
 'https://scontent-yyz1-1.cdninstagram.com/o1/v/t16/f1/m69/GDetXxBiZNipmeIAAKNsx2dQXfk7bkYLAAAF.mp4?efg=eyJxZV9ncm91cHMiOiJbXCJpZ193ZWJfZGVsaXZlcnlfdnRzX290ZlwiXSIsInZlbmNvZGVfdGFnIjoidnRzX3ZvZF91cmxnZW4uY2Fyb3VzZWxfaXRlbS5jMi43MjAuYmFzZWxpbmUifQ&_nc_ht=scontent-yyz1-1.cdninstagram.com&_nc_cat=110&vs=367480908258228_4234411129&_nc_vs=HBksFQIYOnBhc3N0aHJvdWdoX2V2ZXJzdG9yZS9HRGV0WHhCaVpOaXBtZUlBQUtOc3gyZFFYZms3YmtZTEFBQUYVAALIAQAVAhg6cGFzc3Rocm91Z2hfZXZlcnN0b3JlL0dFVjhYaERiRlFuQUxra0JBRGdjLXI1UnhUMUpia1lMQUFBRhUCAsgBACgAGAAbAYgHdXNlX29pbAEwFQAAJuyNrqTZ4MI%2FFQIoAkMzLBdALHdLxqfvnhgSZGFzaF9iYXNlbGluZV8xX3YxEQB17gcA&_nc_rid=4190e526ef&ccb=9-4&oh=00_AfC5McgAOQqYncy3v26U2cXxJseRr1y7CO9JSAvphapNRg&oe=6582439A&_nc_sid=4f4799',
 'https://scontent-yyz1-1.cdninstagram.com/v/t51.2885-15/70705584_255320312094756_40850700275444496_n.jpg?stp=dst-jpg_e35&efg=eyJ2ZW5jb2RlX3RhZyI6ImltYWdlX3VybGdlbi43MjB4NzIwLnNkciJ9&_nc_ht=scontent-yyz1-1.cdninstagram.com&_nc_cat=100&_nc_ohc=ZqL5Jkljmc4AX8Pztr2&edm=AABBvjUBAAAA&ccb=7-5&ig_cache_key=MjE4MzEyNzQ4Nzc4ODM4NjM1Ng%3D%3D.2-ccb7-5&oh=00_AfBJFcNz_I2JpMkhw_HFz6N1bzXhSiVYZdAi3AKT1Zh6sg&oe=658589D6&_nc_sid=4f4799',
 'https://scontent-yyz1-1.cdninstagram.com/v/t51.2885-15/64683242_1395041340635975_2498917348675929664_n.jpg?stp=dst-jpg_e35&efg=eyJ2ZW5jb2RlX3RhZyI6ImltYWdlX3VybGdlbi4xNDQweDE0NDAuc2RyIn0&_nc_ht=scontent-yyz1-1.cdninstagram.com&_nc_cat=111&_nc_ohc=TbgeZSkLB94AX_uWH_U&edm=AABBvjUBAAAA&ccb=7-5&ig_cache_key=MjA3Nzk0NDM1MzgyOTM4Mjc2NA%3D%3D.2-ccb7-5&oh=00_AfANxYu2E6K7GV38IXxp6CCAuEi_yuA9ZXohwNdjDIAc6g&oe=65852D13&_nc_sid=4f4799',
 'https://scontent-yyz1-1.cdninstagram.com/v/t51.2885-15/20633219_2028413520723988_5029263775694323712_n.jpg?stp=dst-jpg_e15_s640x640&_nc_ht=scontent-yyz1-1.cdninstagram.com&_nc_cat=104&_nc_ohc=-vttur_QYfYAX-Ttop3&edm=APfKNqwBAAAA&ccb=7-5&oh=00_AfBIrBFvPiDByyFDMnGgxL7PWkSRx-wOWb-HnZtnB8T67A&oe=658247D1&_nc_sid=721f0c',
 'https://scontent-yyz1-1.cdninstagram.com/v/t51.2885-15/71941076_747808849053306_2962215404117259386_n.jpg?stp=dst-jpg_e35&efg=eyJ2ZW5jb2RlX3RhZyI6ImltYWdlX3VybGdlbi4xMTk2eDExOTMuc2RyIn0&_nc_ht=scontent-yyz1-1.cdninstagram.com&_nc_cat=106&_nc_ohc=nxZYRs3KLy8AX8nnWGQ&edm=AABBvjUBAAAA&ccb=7-5&ig_cache_key=MjE4MzEzMDIyMDgzMDQxNzc1Mw%3D%3D.2-ccb7-5&oh=00_AfCjxmI_PPK9Xu7n1TiBuNh7h0ajL-XlVMZXhdetKUmiFw&oe=6585D8C3&_nc_sid=4f4799',
 'https://scontent-yyz1-1.cdninstagram.com/v/t51.2885-15/32712149_1562236663902377_2842702861672906752_n.jpg?stp=dst-jpg_e15_s640x640&_nc_ht=scontent-yyz1-1.cdninstagram.com&_nc_cat=105&_nc_ohc=OE9Nd_PKA3YAX_sSma3&edm=APfKNqwBAAAA&ccb=7-5&oh=00_AfA7PO7fLwIY-Ddkr56UUCwfrV2uydDRx_GpfsJHmZOK5w&oe=65820967&_nc_sid=721f0c',
 'https://scontent-yyz1-1.cdninstagram.com/v/t51.2885-15/236283692_135436912137021_1491730227534028431_n.jpg?stp=dst-jpg_e35&efg=eyJ2ZW5jb2RlX3RhZyI6ImltYWdlX3VybGdlbi4xNDQweDE4MDAuc2RyIn0&_nc_ht=scontent-yyz1-1.cdninstagram.com&_nc_cat=109&_nc_ohc=RG99NnXGXSEAX-hZqUU&edm=AABBvjUBAAAA&ccb=7-5&ig_cache_key=MjYzOTQyNzMyOTg1ODUzNzExOQ%3D%3D.2-ccb7-5&oh=00_AfBqDU2MI43zesxAbELry7M8D_a9bHZy39CWT19LEYXa6A&oe=6584F9E2&_nc_sid=4f4799',
 'https://scontent-yyz1-1.cdninstagram.com/v/t51.2885-15/293150882_173095091854490_7886197583471567505_n.jpg?stp=dst-jpg_e35&efg=eyJ2ZW5jb2RlX3RhZyI6ImltYWdlX3VybGdlbi4xNDQweDE4MDAuc2RyIn0&_nc_ht=scontent-yyz1-1.cdninstagram.com&_nc_cat=102&_nc_ohc=-OLtuF1ABgwAX9Ty4qV&edm=AABBvjUBAAAA&ccb=7-5&ig_cache_key=Mjg4MTE2NzA1NDY3ODY0NzgzMw%3D%3D.2-ccb7-5&oh=00_AfDtFs9lsDtTBHw33PvzHJG_6jpEJBaf3lnvoQAnhJ37gw&oe=65858A89&_nc_sid=4f4799',
 'https://scontent-yyz1-1.cdninstagram.com/v/t51.2885-15/18251856_216817225478101_5866432590507933696_n.jpg?stp=dst-jpg_e35&efg=eyJ2ZW5jb2RlX3RhZyI6ImltYWdlX3VybGdlbi4xMDgweDEwODAuc2RyIn0&_nc_ht=scontent-yyz1-1.cdninstagram.com&_nc_cat=101&_nc_ohc=Kc-Kqxxf9FQAX_gl1Hk&edm=AABBvjUBAAAA&ccb=7-5&ig_cache_key=MTUwNjcyMzAxMDkwODEzNzAyOQ%3D%3D.2-ccb7-5&oh=00_AfDLThMU73PJfveVlVtse99wYZR4o6jYVsyl-X6AeuLpog&oe=6586A0FA&_nc_sid=4f4799',
 'https://scontent-yyz1-1.cdninstagram.com/v/t51.2885-15/76949821_279141509653207_2982994699237959400_n.jpg?stp=dst-jpg_e35&_nc_ht=scontent-yyz1-1.cdninstagram.com&_nc_cat=107&_nc_ohc=z_l4pP7G9nQAX9boZTo&edm=AABBvjUBAAAA&ccb=7-5&ig_cache_key=MjE4MzEzMDIyMDgzODkwNjM2MA%3D%3D.2-ccb7-5&oh=00_AfDAD4XrSsS2Av4LkqWUjn6tCUl8rZXeGW6tubZoUQPNXA&oe=65859A79&_nc_sid=4f4799',
 'https://scontent-yyz1-1.cdninstagram.com/v/t51.2885-15/89823360_235926037460819_8957533045123893788_n.jpg?stp=dst-jpg_e35&efg=eyJ2ZW5jb2RlX3RhZyI6ImltYWdlX3VybGdlbi45MDB4OTAwLnNkciJ9&_nc_ht=scontent-yyz1-1.cdninstagram.com&_nc_cat=111&_nc_ohc=D7BehA-90W4AX-yxtcQ&edm=AABBvjUBAAAA&ccb=7-5&ig_cache_key=MjI2NjU1MTkwMzk5MzU5MDI3Ng%3D%3D.2-ccb7-5&oh=00_AfCxQR8ZsC9lcc3JtRryw6VqVfSR4oVog7Hcb1d-1jQ1fA&oe=6584C373&_nc_sid=4f4799',
 'https://scontent-yyz1-1.cdninstagram.com/v/t51.2885-15/66649371_859887544390094_4730522152276894120_n.jpg?stp=dst-jpg_e35&efg=eyJ2ZW5jb2RlX3RhZyI6ImltYWdlX3VybGdlbi4xNDQweDE0NDAuc2RyIn0&_nc_ht=scontent-yyz1-1.cdninstagram.com&_nc_cat=102&_nc_ohc=U_dxd9GAXDYAX8BpSxZ&edm=AABBvjUBAAAA&ccb=7-5&ig_cache_key=MjA4Nzg3NzExODExNjgyODI5NQ%3D%3D.2-ccb7-5&oh=00_AfB8VAmjWp59mPdnvDeDH3YpogYzDJdU6MP5TG-BrFTKLQ&oe=65855371&_nc_sid=4f4799',
 'https://scontent-yyz1-1.cdninstagram.com/v/t51.2885-15/272364228_454564829458357_7202964342290124150_n.jpg?stp=dst-jpg_e35&efg=eyJ2ZW5jb2RlX3RhZyI6ImltYWdlX3VybGdlbi4xNDQweDEwODAuc2RyIn0&_nc_ht=scontent-yyz1-1.cdninstagram.com&_nc_cat=101&_nc_ohc=NXmOocBU5bMAX-nBC4q&edm=AABBvjUBAAAA&ccb=7-5&ig_cache_key=Mjc1Nzk5MDM1NDMxMTIxOTIwOQ%3D%3D.2-ccb7-5&oh=00_AfDUs4BBXhINSQDlLobFYE1wL4ukXyt9bpecUIBgvHBrmg&oe=6585DC24&_nc_sid=4f4799',
 'https://scontent-yyz1-1.cdninstagram.com/v/t51.2885-15/20478627_1594294883928403_1384833258801332224_n.jpg?stp=dst-jpg_e35&efg=eyJ2ZW5jb2RlX3RhZyI6ImltYWdlX3VybGdlbi44OTl4ODk5LnNkciJ9&_nc_ht=scontent-yyz1-1.cdninstagram.com&_nc_cat=107&_nc_ohc=iNof2faq_9gAX-dIJrc&edm=AABBvjUBAAAA&ccb=7-5&ig_cache_key=MTU3MTI5NzA3NDQ0MDI3NDA0OA%3D%3D.2-ccb7-5&oh=00_AfAPhasYnOIgH01PHvXogD7YnkaK1fnRdM1_Moh120LHpw&oe=65858910&_nc_sid=4f4799',
 'https://scontent-yyz1-1.cdninstagram.com/v/t51.2885-15/22710616_678807988992270_3057188988654714880_n.jpg?stp=dst-jpg_e35&efg=eyJ2ZW5jb2RlX3RhZyI6ImltYWdlX3VybGdlbi4xMDgweDEwODAuc2RyIn0&_nc_ht=scontent-yyz1-1.cdninstagram.com&_nc_cat=106&_nc_ohc=QK-_tV9hKIIAX8lQLKV&edm=AABBvjUBAAAA&ccb=7-5&ig_cache_key=MTYzMzgwMzEwOTYxNjUxNDg0Nw%3D%3D.2-ccb7-5&oh=00_AfAHNltZkTkw8Hy3-mGppb5WPjiuTuM7IgN4sVBuHuk4vg&oe=6585F33B&_nc_sid=4f4799',
 'https://scontent-yyz1-1.cdninstagram.com/v/t51.2885-15/22157776_317751918699017_2881810875365195776_n.jpg?stp=dst-jpg_e35&efg=eyJ2ZW5jb2RlX3RhZyI6ImltYWdlX3VybGdlbi4xMDgweDEwODAuc2RyIn0&_nc_ht=scontent-yyz1-1.cdninstagram.com&_nc_cat=105&_nc_ohc=PdCPu0KMRukAX-_fFJb&edm=AABBvjUBAAAA&ccb=7-5&ig_cache_key=MTYxNTY5OTY1MTE3NjgzMzk1Nw%3D%3D.2-ccb7-5&oh=00_AfCq9DCHmd8xRRxQnVkXRRixSSU37FEVnSFdZ0qQuU0Bmw&oe=6585A829&_nc_sid=4f4799',
 'https://scontent-yyz1-1.cdninstagram.com/v/t51.2885-15/26067032_171772056918392_9127485062315507712_n.jpg?stp=dst-jpg_e35&efg=eyJ2ZW5jb2RlX3RhZyI6ImltYWdlX3VybGdlbi4xMDgweDEzNDkuc2RyIn0&_nc_ht=scontent-yyz1-1.cdninstagram.com&_nc_cat=108&_nc_ohc=m6q20pRLz10AX-3Xbyx&edm=AABBvjUBAAAA&ccb=7-5&ig_cache_key=MTY5MTEwNjcxODk1NTU5MDk1MQ%3D%3D.2-ccb7-5&oh=00_AfBxM25aRyslZVXo_Im1J4aTMjkVvyMP30uE5IWJQg2gFQ&oe=658596CE&_nc_sid=4f4799',
 'https://scontent-yyz1-1.cdninstagram.com/v/t51.2885-15/72386506_527492574716483_6386129190230331736_n.jpg?stp=dst-jpg_e35&efg=eyJ2ZW5jb2RlX3RhZyI6ImltYWdlX3VybGdlbi4xNDQweDE0MzYuc2RyIn0&_nc_ht=scontent-yyz1-1.cdninstagram.com&_nc_cat=111&_nc_ohc=qudgGkDmfycAX_BRGUw&edm=AABBvjUBAAAA&ccb=7-5&ig_cache_key=MjE2MzU4NDU1NzI1MTkwMzUzNg%3D%3D.2-ccb7-5&oh=00_AfB3VZyFqnEMYhjJ2hS5cA5bmoSfuzat6vv6dyBWzZehrg&oe=65869AC4&_nc_sid=4f4799',
 'https://scontent-yyz1-1.cdninstagram.com/v/t51.2885-15/29404364_1595205513931559_5068018511146647552_n.jpg?stp=dst-jpg_e35&efg=eyJ2ZW5jb2RlX3RhZyI6ImltYWdlX3VybGdlbi4xMDgweDEwODAuc2RyIn0&_nc_ht=scontent-yyz1-1.cdninstagram.com&_nc_cat=111&_nc_ohc=eKRIiG4sAZQAX9O0e7j&edm=AABBvjUBAAAA&ccb=7-5&ig_cache_key=MTc0ODI3MTM1OTkyMTczMjQyMA%3D%3D.2-ccb7-5&oh=00_AfBkAia7JQ0fIzcDgMtvR6_wSOoUSj7Nkxc17NAAGfOcJw&oe=6584AEC6&_nc_sid=4f4799',
 'https://scontent-yyz1-1.cdninstagram.com/v/t51.2885-15/11378334_1650876361802734_474834887_n.jpg?stp=dst-jpg_e15&efg=eyJ2ZW5jb2RlX3RhZyI6ImltYWdlX3VybGdlbi42NDB4NjQwLnNkciJ9&_nc_ht=scontent-yyz1-1.cdninstagram.com&_nc_cat=110&_nc_ohc=0yhO0ZjHAOYAX-CgZrm&edm=AABBvjUBAAAA&ccb=7-5&ig_cache_key=NjcyNjY4NjQ0NDU5MzEzNjQ1.2-ccb7-5&oh=00_AfAl5TKkXAUTet0a98C94T6p5fqrnRpfA57-fgGJvW9LJg&oe=65858B74&_nc_sid=4f4799',
 'https://scontent-yyz1-1.cdninstagram.com/v/t51.2885-15/17818558_247533442388397_2759637824801079296_n.jpg?stp=dst-jpg_e35&efg=eyJ2ZW5jb2RlX3RhZyI6ImltYWdlX3VybGdlbi4xMDgweDEwODAuc2RyIn0&_nc_ht=scontent-yyz1-1.cdninstagram.com&_nc_cat=109&_nc_ohc=E53l6yHKtnsAX8vh_Hg&edm=AABBvjUBAAAA&ccb=7-5&ig_cache_key=MTQ5OTY3Nzk4MzgyODgyNzYxMA%3D%3D.2-ccb7-5&oh=00_AfAqixTzqrsYhMCrisKDyCtiiltucEnrfIqxlU_bJlaagg&oe=65866DC4&_nc_sid=4f4799',
 'https://scontent-yyz1-1.cdninstagram.com/v/t51.2885-15/914768_1412225202379544_676109506_n.jpg?stp=dst-jpg_e15&efg=eyJ2ZW5jb2RlX3RhZyI6ImltYWdlX3VybGdlbi42NDB4NjQwLnNkciJ9&_nc_ht=scontent-yyz1-1.cdninstagram.com&_nc_cat=108&_nc_ohc=JTOvNrl1YrQAX-WoGfj&edm=AABBvjUBAAAA&ccb=7-5&ig_cache_key=NzY5MDU2ODkwMzUyNzI4ODM3.2-ccb7-5&oh=00_AfAN7XyMYHKUDeqyMm57Arf_mUM--7ROew1BG1ugDWqTqw&oe=65851FC9&_nc_sid=4f4799',
 'https://scontent-yyz1-1.cdninstagram.com/v/t51.2885-15/13534223_1081736028559465_2062984739_n.jpg?stp=dst-jpg_e35&efg=eyJ2ZW5jb2RlX3RhZyI6ImltYWdlX3VybGdlbi4xMDgweDEwODAuc2RyIn0&_nc_ht=scontent-yyz1-1.cdninstagram.com&_nc_cat=101&_nc_ohc=zKn724FAy7UAX8Gr5z8&edm=AABBvjUBAAAA&ccb=7-5&ig_cache_key=MTI4NTU0MjM1NjQ3Njg0MDAxNQ%3D%3D.2-ccb7-5&oh=00_AfBuk3mIABmYEvh90T01CJI2nzcydm7qH8wO0redDN_tYQ&oe=6585F4B3&_nc_sid=4f4799',
 'https://scontent-yyz1-1.cdninstagram.com/v/t51.2885-15/274519663_707752610217029_1121408453825148994_n.jpg?stp=dst-jpg_e35&efg=eyJ2ZW5jb2RlX3RhZyI6ImltYWdlX3VybGdlbi4xNDQweDE4MDAuc2RyIn0&_nc_ht=scontent-yyz1-1.cdninstagram.com&_nc_cat=105&_nc_ohc=bklSP1lsfooAX97GLfV&edm=AABBvjUBAAAA&ccb=7-5&ig_cache_key=Mjc3OTc2ODMwMTI0NjI0ODI5NA%3D%3D.2-ccb7-5&oh=00_AfAijN0tzMMAN5PExgOqwAdYcjwy4APBSDgM6HKAXbh5Ug&oe=65862D30&_nc_sid=4f4799',
 'https://scontent-yyz1-1.cdninstagram.com/v/t51.2885-15/26434732_169935743772606_5314497815156621312_n.jpg?stp=dst-jpg_e35&efg=eyJ2ZW5jb2RlX3RhZyI6ImltYWdlX3VybGdlbi4xMDgweDgwOS5zZHIifQ&_nc_ht=scontent-yyz1-1.cdninstagram.com&_nc_cat=106&_nc_ohc=QMJLjwl0XxsAX_y66XF&edm=AABBvjUBAAAA&ccb=7-5&ig_cache_key=MTY5NjY0OTQyMTAwMDYxMjY0OQ%3D%3D.2-ccb7-5&oh=00_AfDOGCQe0A8rU4lKU_egb5iv9fnYx1msZctAqvXOxXnCxA&oe=65850C73&_nc_sid=4f4799',
 'https://scontent-yyz1-1.cdninstagram.com/v/t51.2885-15/176631266_323965045786425_6231737580375323674_n.jpg?stp=dst-jpg_e35&efg=eyJ2ZW5jb2RlX3RhZyI6ImltYWdlX3VybGdlbi4xNDQweDE0MzYuc2RyIn0&_nc_ht=scontent-yyz1-1.cdninstagram.com&_nc_cat=109&_nc_ohc=ip_NP1XmZZQAX9xEaDh&edm=AABBvjUBAAAA&ccb=7-5&ig_cache_key=MjU1OTcwMDE5MjQ4NjkzODUxMQ%3D%3D.2-ccb7-5&oh=00_AfB4d9epljjupRSNGkfBcEt3naWgfoSOaHgY_scSQqnZeQ&oe=6585F315&_nc_sid=4f4799',
 'https://scontent-yyz1-1.cdninstagram.com/v/t51.2885-15/233188058_281009617117886_7594308424907809930_n.jpg?stp=dst-jpg_e35&efg=eyJ2ZW5jb2RlX3RhZyI6ImltYWdlX3VybGdlbi4xNDQweDEwODAuc2RyIn0&_nc_ht=scontent-yyz1-1.cdninstagram.com&_nc_cat=102&_nc_ohc=9yNFpvZEq3EAX-6y_kY&edm=AABBvjUBAAAA&ccb=7-5&ig_cache_key=MjYzNDU2NTA4NTQyOTUzNjQ4MQ%3D%3D.2-ccb7-5&oh=00_AfALWaly1VRBnZcGCt_fQ4IWeOrZ89NuzlA5ws6GM1XBWQ&oe=65850671&_nc_sid=4f4799',
 'https://scontent-yyz1-1.cdninstagram.com/o1/v/t16/f1/m84/0540917E02AD37E96B97B5EB1A678B90_video_dashinit.mp4?efg=eyJxZV9ncm91cHMiOiJbXCJpZ193ZWJfZGVsaXZlcnlfdnRzX290ZlwiXSIsInZlbmNvZGVfdGFnIjoidnRzX3ZvZF91cmxnZW4uZmVlZC5jMi42NDAuYmFzZWxpbmUifQ&_nc_ht=scontent-yyz1-1.cdninstagram.com&_nc_cat=101&vs=978407279906065_4124969900&_nc_vs=HBkcFQIYTGlnX2JhY2tmaWxsX3RpbWVsaW5lX3ZvZC8wNTQwOTE3RTAyQUQzN0U5NkI5N0I1RUIxQTY3OEI5MF92aWRlb19kYXNoaW5pdC5tcDQVAALIAQAoABgAGwGIB3VzZV9vaWwBMBUAACaUpZ%2B%2B1J%2BIQBUCKAJDMywXQCXdsi0OVgQYEmRhc2hfYmFzZWxpbmVfMV92MREAdeoHAA%3D%3D&_nc_rid=c76b82099b&ccb=9-4&oh=00_AfCjgjqGXl9TMTV6tFhTaMhTp6iy-_-_iICLxC8Dv4fBEw&oe=6582625F&_nc_sid=721f0c',
 'https://scontent-yyz1-1.cdninstagram.com/v/t51.2885-15/322422867_3351901971795953_2545693974684230898_n.jpg?stp=dst-jpg_e35&efg=eyJ2ZW5jb2RlX3RhZyI6ImltYWdlX3VybGdlbi4xNDQweDE4MDAuc2RyIn0&_nc_ht=scontent-yyz1-1.cdninstagram.com&_nc_cat=105&_nc_ohc=bSRxen4SgwEAX84wm8N&edm=AABBvjUBAAAA&ccb=7-5&ig_cache_key=MzAwMTg2NjQyODA1MTQ0NzM1Nw%3D%3D.2-ccb7-5&oh=00_AfA54A_bdd0xJn8jcmxRYHpWsFGbQaP_eTlyVVGXUe8Xng&oe=65853AAF&_nc_sid=4f4799',
 'https://scontent-yyz1-1.cdninstagram.com/v/t51.2885-15/75207275_769726596784020_5155592056805684123_n.jpg?stp=dst-jpg_e35&efg=eyJ2ZW5jb2RlX3RhZyI6ImltYWdlX3VybGdlbi4xNDQweDE0MzYuc2RyIn0&_nc_ht=scontent-yyz1-1.cdninstagram.com&_nc_cat=100&_nc_ohc=04M9QbJOIocAX-EUaRa&edm=AABBvjUBAAAA&ccb=7-5&ig_cache_key=MjE1OTExMDMxMDIxMTE5MzM2MA%3D%3D.2-ccb7-5&oh=00_AfC6SYTQ5nk7Y7SWzfdy86hnpWLNMOJCIIf49AwyYhiP0w&oe=65850148&_nc_sid=4f4799',
 'https://scontent-yyz1-1.cdninstagram.com/o1/v/t16/f1/m84/5A4B232EE37C09F095E29929BDDC989C_video_dashinit.mp4?efg=eyJxZV9ncm91cHMiOiJbXCJpZ193ZWJfZGVsaXZlcnlfdnRzX290ZlwiXSIsInZlbmNvZGVfdGFnIjoidnRzX3ZvZF91cmxnZW4uZmVlZC5jMi43MjAuYmFzZWxpbmUifQ&_nc_ht=scontent-yyz1-1.cdninstagram.com&_nc_cat=102&vs=709694411064894_1095397609&_nc_vs=HBksFQIYTGlnX2JhY2tmaWxsX3RpbWVsaW5lX3ZvZC81QTRCMjMyRUUzN0MwOUYwOTVFMjk5MjlCRERDOTg5Q192aWRlb19kYXNoaW5pdC5tcDQVAALIAQAVAhg6cGFzc3Rocm91Z2hfZXZlcnN0b3JlL0dBSUZseFl0bzcwY2g5b1hBSHBtWnN3ejdGOENicGt3QUFBRhUCAsgBACgAGAAbAYgHdXNlX29pbAEwFQAAJp6N2OeFjIYBFQIoAkMzLBdAQln752yLRBgSZGFzaF9iYXNlbGluZV8xX3YxEQB16gcA&_nc_rid=fafa9a1e70&ccb=9-4&oh=00_AfCLhy0o45l53L2_uiSt5l69KeP4Vc1pDmiD32U2qRYBPQ&oe=65829971&_nc_sid=721f0c',
 'https://scontent-yyz1-1.cdninstagram.com/v/t51.2885-15/66468398_138716584000198_1761237990863722108_n.jpg?stp=dst-jpg_e35&efg=eyJ2ZW5jb2RlX3RhZyI6ImltYWdlX3VybGdlbi4xNDQweDE0NDAuc2RyIn0&_nc_ht=scontent-yyz1-1.cdninstagram.com&_nc_cat=110&_nc_ohc=Jhw2L0NI4iYAX8c22OQ&edm=AABBvjUBAAAA&ccb=7-5&ig_cache_key=MjEwMzc4MzcyNTc4MjczNDY0MQ%3D%3D.2-ccb7-5&oh=00_AfAQBLzcGsHMauxoA5ZtgSs2595UG4rfV-oNEkzZzvgrsw&oe=6585CCA2&_nc_sid=4f4799',
 'https://scontent-yyz1-1.cdninstagram.com/v/t51.2885-15/67893882_128772221775898_923047979075762659_n.jpg?stp=dst-jpg_e35&efg=eyJ2ZW5jb2RlX3RhZyI6ImltYWdlX3VybGdlbi4xNDQweDE0NDAuc2RyIn0&_nc_ht=scontent-yyz1-1.cdninstagram.com&_nc_cat=110&_nc_ohc=IQc8--yrzZwAX_eRM-d&edm=AABBvjUBAAAA&ccb=7-5&ig_cache_key=MjEyMjk0NTI3OTc0ODgwNTMzNQ%3D%3D.2-ccb7-5&oh=00_AfCkhKPtM4mKshOH4U9mnpT8ZaxC79WD0X0MCYTUiw_TaA&oe=6585E6EB&_nc_sid=4f4799',
 'https://scontent-yyz1-1.cdninstagram.com/v/t51.2885-15/290907124_621708792178810_705951591822469124_n.jpg?stp=dst-jpg_e35&efg=eyJ2ZW5jb2RlX3RhZyI6ImltYWdlX3VybGdlbi4xNDQweDE4MDAuc2RyIn0&_nc_ht=scontent-yyz1-1.cdninstagram.com&_nc_cat=110&_nc_ohc=tP9f-GBtz_YAX88v1rj&edm=AABBvjUBAAAA&ccb=7-5&ig_cache_key=Mjg3MDk3NjQxMTUzNjg0NjY2OA%3D%3D.2-ccb7-5&oh=00_AfDA4KrW-9h9GDc_yd9utqYi6SFERCcTIyu-pVSj94TvYw&oe=65855CB8&_nc_sid=4f4799',
 'https://scontent-yyz1-1.cdninstagram.com/v/t50.2886-16/1928174_1437296196505580_724672209_n.mp4?efg=eyJ2ZW5jb2RlX3RhZyI6ImlnX3Byb2dyZXNzaXZlX3VybGdlbi5mZWVkLmMyLmRlZmF1bHQiLCJxZV9ncm91cHMiOiJbXCJpZ19wcm9ncmVzc2l2ZV91cmxnZW4ucHJvZHVjdF90eXBlLmZlZWRcIl0ifQ&_nc_ht=scontent-yyz1-1.cdninstagram.com&_nc_cat=108&_nc_ohc=iqCDWYNZbKEAX8I-mVy&edm=APfKNqwBAAAA&ccb=7-5&oh=00_AfAW6j8h77YJmkIAAgIklSKKNVKecyegyzzaiQNkXLMIfg&oe=6582AC63&_nc_sid=721f0c',
 'https://scontent-yyz1-1.cdninstagram.com/v/t51.2885-15/53619826_2307576746177264_3481064340301471852_n.jpg?stp=dst-jpg_e35&efg=eyJ2ZW5jb2RlX3RhZyI6ImltYWdlX3VybGdlbi4xMDgweDEwODAuc2RyIn0&_nc_ht=scontent-yyz1-1.cdninstagram.com&_nc_cat=108&_nc_ohc=UmLABR4epT8AX_d3zHd&edm=AABBvjUBAAAA&ccb=7-5&ig_cache_key=MjAwODkxMTIwMjI1MzMwODA5OA%3D%3D.2-ccb7-5&oh=00_AfCRWhPRtZGIZGw9I8crT1UtrjopNDR0KAdQERAQ6C15sg&oe=6585D7DC&_nc_sid=4f4799',
 'https://scontent-yyz1-1.cdninstagram.com/v/t51.2885-15/10544235_711285838967995_1002241212_n.jpg?stp=dst-jpg_e15&efg=eyJ2ZW5jb2RlX3RhZyI6ImltYWdlX3VybGdlbi42NDB4NjQwLnNkciJ9&_nc_ht=scontent-yyz1-1.cdninstagram.com&_nc_cat=107&_nc_ohc=Y3xCKJdIvfcAX8Ha-Za&edm=AABBvjUBAAAA&ccb=7-5&ig_cache_key=ODgwNzM3Mjk2NzA1MDI2ODM2.2-ccb7-5&oh=00_AfCDe159IXN5F5qadvoTWQxNpGe2qepRNjmir46ifolgEA&oe=65864021&_nc_sid=4f4799',
 'https://scontent-yyz1-1.cdninstagram.com/v/t51.2885-15/57168483_601691277000482_8657525849305987491_n.jpg?stp=dst-jpg_e35&efg=eyJ2ZW5jb2RlX3RhZyI6ImltYWdlX3VybGdlbi4xMDgweDEwODAuc2RyIn0&_nc_ht=scontent-yyz1-1.cdninstagram.com&_nc_cat=102&_nc_ohc=B-XxS2PsyYcAX_lwE-Z&edm=AABBvjUBAAAA&ccb=7-5&ig_cache_key=MjAyNzgzMzcxMDM2OTEzODM5Nw%3D%3D.2-ccb7-5&oh=00_AfBoPPne9_Cc7FXbOVh557mmPyzN3yFQPI7qEkzjgp2jOg&oe=65868F86&_nc_sid=4f4799',
 'https://scontent-yyz1-1.cdninstagram.com/v/t51.2885-15/210573355_819300142052052_21948675410833027_n.jpg?stp=dst-jpg_e35&efg=eyJ2ZW5jb2RlX3RhZyI6ImltYWdlX3VybGdlbi4xNDQweDE0NDAuc2RyIn0&_nc_ht=scontent-yyz1-1.cdninstagram.com&_nc_cat=100&_nc_ohc=kpQki8hey5UAX-VY6Xd&edm=AABBvjUBAAAA&ccb=7-5&ig_cache_key=MjYwOTIxODA0NDM2OTM1MjA3OA%3D%3D.2-ccb7-5&oh=00_AfDdsX_8dApD-0AuCq4yxEc4fQNqzYQKAMDPrqOpz2MxOQ&oe=6585DBEB&_nc_sid=4f4799',
 'https://scontent-yyz1-1.cdninstagram.com/v/t51.2885-15/324705289_504054001872495_8118899240255618898_n.jpg?stp=dst-jpg_e35&efg=eyJ2ZW5jb2RlX3RhZyI6ImltYWdlX3VybGdlbi4xNDQweDE4MDAuc2RyIn0&_nc_ht=scontent-yyz1-1.cdninstagram.com&_nc_cat=103&_nc_ohc=hu0wARxXXkgAX96L82P&edm=AABBvjUBAAAA&ccb=7-5&ig_cache_key=MzAxNTk1OTQ3MTg3NjU4MjcyNw%3D%3D.2-ccb7-5&oh=00_AfCywlLzr9p3QUuHF5HmYV_Ql2Y8ktJu2pG_aEk6qSfd9g&oe=65857DBF&_nc_sid=4f4799',
 'https://scontent-yyz1-1.cdninstagram.com/v/t51.2885-15/1741319_1404137136509378_98608489_n.jpg?stp=dst-jpg_e15&efg=eyJ2ZW5jb2RlX3RhZyI6ImltYWdlX3VybGdlbi42MTJ4NjEyLnNkciJ9&_nc_ht=scontent-yyz1-1.cdninstagram.com&_nc_cat=102&_nc_ohc=pLHzbhb6UWUAX9T4Ta2&edm=AABBvjUBAAAA&ccb=7-5&ig_cache_key=NjUzMjQzMjgyNDUzMzMwMDE2.2-ccb7-5&oh=00_AfDIIRPdQd56t4FRBeZZ1rtYSap_kpI_Z402yijzqoJnfg&oe=6584C8E6&_nc_sid=4f4799',
 'https://scontent-yyz1-1.cdninstagram.com/o1/v/t16/f1/m84/454108140257BD292F8AFBDCCACE10B9_video_dashinit.mp4?efg=eyJxZV9ncm91cHMiOiJbXCJpZ193ZWJfZGVsaXZlcnlfdnRzX290ZlwiXSIsInZlbmNvZGVfdGFnIjoidnRzX3ZvZF91cmxnZW4uZmVlZC5jMi43MjAuYmFzZWxpbmUifQ&_nc_ht=scontent-yyz1-1.cdninstagram.com&_nc_cat=108&vs=1484014782429656_1873620978&_nc_vs=HBksFQIYTGlnX2JhY2tmaWxsX3RpbWVsaW5lX3ZvZC80NTQxMDgxNDAyNTdCRDI5MkY4QUZCRENDQUNFMTBCOV92aWRlb19kYXNoaW5pdC5tcDQVAALIAQAVAhg6cGFzc3Rocm91Z2hfZXZlcnN0b3JlL0dEaWFteGFYRkdiMDFpVUJBTUVmUXJqVkxlSTRicGt3QUFBRhUCAsgBACgAGAAbAYgHdXNlX29pbAEwFQAAJuTT%2FsuS38sCFQIoAkMzLBdATgAAAAAAABgSZGFzaF9iYXNlbGluZV8xX3YxEQB16gcA&_nc_rid=5c15df1195&ccb=9-4&oh=00_AfDcJvttQFuVa2kzkofp8em_6k3opfb2jonSVVQS87fKFQ&oe=658210CE&_nc_sid=721f0c',
 'https://scontent-yyz1-1.cdninstagram.com/v/t51.2885-15/245383863_596071308416947_1702978313240796483_n.jpg?stp=dst-jpg_e35&efg=eyJ2ZW5jb2RlX3RhZyI6ImltYWdlX3VybGdlbi4xNDQweDE0NDAuc2RyIn0&_nc_ht=scontent-yyz1-1.cdninstagram.com&_nc_cat=107&_nc_ohc=k8hUC_NrbaQAX8EyQcd&edm=AABBvjUBAAAA&ccb=7-5&ig_cache_key=MjY4NDYxMzk1MzQ5NTgxNjkyNw%3D%3D.2-ccb7-5&oh=00_AfDX9vVb8H1Jq9yT-9ayD1MTyjx1AljjZajKOy-F2Le9ng&oe=6584D423&_nc_sid=4f4799',
 'https://scontent-yyz1-1.cdninstagram.com/v/t51.2885-15/1741196_246748558837179_63149222_n.jpg?stp=dst-jpg_e15_s480x480&_nc_ht=scontent-yyz1-1.cdninstagram.com&_nc_cat=103&_nc_ohc=9I_PV7K_TjUAX-eVaFa&edm=APfKNqwBAAAA&ccb=7-5&oh=00_AfAyLDGT3vZOAEnHIJ9YdBdCxCrL6xkKSw9fTGosCJUy3Q&oe=6582AB9E&_nc_sid=721f0c',
 'https://scontent-yyz1-1.cdninstagram.com/o1/v/t16/f1/m69/GD_EnRDJBQbaVGwDANaVU9VPobdkbkYLAAAF.mp4?efg=eyJxZV9ncm91cHMiOiJbXCJpZ193ZWJfZGVsaXZlcnlfdnRzX290ZlwiXSIsInZlbmNvZGVfdGFnIjoidnRzX3ZvZF91cmxnZW4uY2Fyb3VzZWxfaXRlbS5jMi43MjAuYmFzZWxpbmUifQ&_nc_ht=scontent-yyz1-1.cdninstagram.com&_nc_cat=105&vs=1195761484498563_4207878376&_nc_vs=HBksFQIYOnBhc3N0aHJvdWdoX2V2ZXJzdG9yZS9HRF9FblJESkJRYmFWR3dEQU5hVlU5VlBvYmRrYmtZTEFBQUYVAALIAQAVAhg6cGFzc3Rocm91Z2hfZXZlcnN0b3JlL0dORzhteEFBN0NKRl91SUNBRGYtaHdaNmJFNHhia1lMQUFBRhUCAsgBACgAGAAbAYgHdXNlX29pbAEwFQAAJoyKu7uRmtJAFQIoAkMzLBdAHogxJul41RgSZGFzaF9iYXNlbGluZV8xX3YxEQB17gcA&_nc_rid=fb088156d4&ccb=9-4&oh=00_AfAdxBfQs8xbXvUSppmS8VtkQ71Hskl9RZgn7UZ1LJPJCg&oe=65821466&_nc_sid=4f4799',
 'https://scontent-yyz1-1.cdninstagram.com/v/t51.2885-15/1389359_391415927729382_114919023_n.jpg?stp=dst-jpg_e15&efg=eyJ2ZW5jb2RlX3RhZyI6ImltYWdlX3VybGdlbi42NDB4NjQwLnNkciJ9&_nc_ht=scontent-yyz1-1.cdninstagram.com&_nc_cat=106&_nc_ohc=pVCPjuOZwogAX-_EImp&edm=AABBvjUBAAAA&ccb=7-5&ig_cache_key=MTAyOTE2NzI2OTMzMjgxMDMyMw%3D%3D.2-ccb7-5&oh=00_AfCkVcRnELNjCf_yxJTEwQpWDoqqOw48efIKMroITIUPBw&oe=65854DFC&_nc_sid=4f4799',
 'https://scontent-yyz1-1.cdninstagram.com/v/t51.2885-15/11296772_878138798945936_1483939761_n.jpg?stp=dst-jpg_e15&efg=eyJ2ZW5jb2RlX3RhZyI6ImltYWdlX3VybGdlbi42NDB4NjQwLnNkciJ9&_nc_ht=scontent-yyz1-1.cdninstagram.com&_nc_cat=108&_nc_ohc=WpwQkRuluvEAX_Htbkl&edm=AABBvjUBAAAA&ccb=7-5&ig_cache_key=MTAzMDg2NjgxNzgxNDAwMTkwMw%3D%3D.2-ccb7-5&oh=00_AfBZ4FtaOEWIfyL3jp1M8mwh3D_bBN4buvzgqpuVuPpZvA&oe=65865422&_nc_sid=4f4799',
 'https://scontent-yyz1-1.cdninstagram.com/v/t51.2885-15/120727437_251633406252720_1083795650872653347_n.jpg?stp=dst-jpg_e35&efg=eyJ2ZW5jb2RlX3RhZyI6ImltYWdlX3VybGdlbi4xNDQweDExMzEuc2RyIn0&_nc_ht=scontent-yyz1-1.cdninstagram.com&_nc_cat=100&_nc_ohc=AP3O2zYrdm0AX_1hbnb&edm=AABBvjUBAAAA&ccb=7-5&ig_cache_key=MjQxMjY3MjY3Mzc1NTk1OTk3Mg%3D%3D.2-ccb7-5&oh=00_AfAK8OZ4as9-RBAVzhP5o06a6NHssWe9yDJKWbK-YIIQIQ&oe=65850E1D&_nc_sid=4f4799',
 'https://scontent-yyz1-1.cdninstagram.com/v/t51.2885-15/30078084_185954615361168_8913492581694832640_n.jpg?stp=dst-jpg_e15_s640x640&_nc_ht=scontent-yyz1-1.cdninstagram.com&_nc_cat=100&_nc_ohc=gyKJQt_299YAX-LDaOe&edm=APfKNqwBAAAA&ccb=7-5&oh=00_AfAyXrdnk6nBwMple2Qt9774Qr_-zZtFGoLcTrWziJp_Ig&oe=6582118E&_nc_sid=721f0c',
 'https://scontent-yyz1-1.cdninstagram.com/v/t51.2885-15/11282037_386971991500029_1021022281_n.jpg?stp=dst-jpg_e15&efg=eyJ2ZW5jb2RlX3RhZyI6ImltYWdlX3VybGdlbi42MTJ4NjEyLnNkciJ9&_nc_ht=scontent-yyz1-1.cdninstagram.com&_nc_cat=109&_nc_ohc=UhDr5opTQsMAX8Y1kt0&edm=AABBvjUBAAAA&ccb=7-5&ig_cache_key=NTM5MTk3NzMxOTI0MjQ1Mjk3.2-ccb7-5&oh=00_AfASv274Y9GGTToom7_bajJDO6tHaOkDj5y67GDLUnBxEg&oe=6584F50A&_nc_sid=4f4799',
 'https://scontent-yyz1-1.cdninstagram.com/o1/v/t16/f1/m84/044E9A839B365F08CBD677BCF50EBA8A_video_dashinit.mp4?efg=eyJxZV9ncm91cHMiOiJbXCJpZ193ZWJfZGVsaXZlcnlfdnRzX290ZlwiXSIsInZlbmNvZGVfdGFnIjoidnRzX3ZvZF91cmxnZW4uZmVlZC5jMi42NDAuYmFzZWxpbmUifQ&_nc_ht=scontent-yyz1-1.cdninstagram.com&_nc_cat=100&vs=1044293190244349_1009409860&_nc_vs=HBksFQIYTGlnX2JhY2tmaWxsX3RpbWVsaW5lX3ZvZC8wNDRFOUE4MzlCMzY1RjA4Q0JENjc3QkNGNTBFQkE4QV92aWRlb19kYXNoaW5pdC5tcDQVAALIAQAVAhg6cGFzc3Rocm91Z2hfZXZlcnN0b3JlL0dIV0ljQmZxZ2c2c3N0b0FBSGRjQlRYYVZfSkdicGt3QUFBRhUCAsgBACgAGAAbAYgHdXNlX29pbAEwFQAAJuTchbvX3OwBFQIoAkMzLBdATgAAAAAAABgSZGFzaF9iYXNlbGluZV8xX3YxEQB16gcA&_nc_rid=63032db082&ccb=9-4&oh=00_AfBpMRxEIGnktCPfOG93ktOxbxF4Uj7PquBEDwo4sde00w&oe=65828B76&_nc_sid=721f0c',
 'https://scontent-yyz1-1.cdninstagram.com/v/t51.2885-15/42463210_238849133450528_1735507212694631430_n.jpg?stp=dst-jpg_e35&efg=eyJ2ZW5jb2RlX3RhZyI6ImltYWdlX3VybGdlbi4xMDgweDg0My5zZHIifQ&_nc_ht=scontent-yyz1-1.cdninstagram.com&_nc_cat=108&_nc_ohc=ydw6zcEnVT0AX_eIDEF&edm=AABBvjUBAAAA&ccb=7-5&ig_cache_key=MTg4NTU4NTg4NzE1MDIxNTE2Mg%3D%3D.2-ccb7-5&oh=00_AfBUZjy04svEAnC7gR9l0ywtNEY2CeZCi_ERkIiNTHKzgw&oe=6584CA51&_nc_sid=4f4799',
 'https://scontent-yyz1-1.cdninstagram.com/v/t51.2885-15/1742714_660382630688096_771377232_n.jpg?stp=dst-jpg_e15&efg=eyJ2ZW5jb2RlX3RhZyI6ImltYWdlX3VybGdlbi42MTJ4NjEyLnNkciJ9&_nc_ht=scontent-yyz1-1.cdninstagram.com&_nc_cat=108&_nc_ohc=gI-wPvek9AUAX9JLRZW&edm=AABBvjUBAAAA&ccb=7-5&ig_cache_key=NjU1NTAyMDA4NzA3MDg2NDU0.2-ccb7-5&oh=00_AfBcI8DDVAv6x36NchoQeamZy99BknOWLJyht5p6Bz6n4Q&oe=6586297E&_nc_sid=4f4799',
 'https://scontent-yyz1-1.cdninstagram.com/v/t51.2885-15/53863585_1400164420137960_3903345458543852458_n.jpg?stp=dst-jpg_e35&efg=eyJ2ZW5jb2RlX3RhZyI6ImltYWdlX3VybGdlbi4xMDgweDEwODAuc2RyIn0&_nc_ht=scontent-yyz1-1.cdninstagram.com&_nc_cat=100&_nc_ohc=HjUIbTjdia0AX-FVZT2&edm=AABBvjUBAAAA&ccb=7-5&ig_cache_key=MjAwODkxMTIwMjI1MzQ0MTE1MQ%3D%3D.2-ccb7-5&oh=00_AfBw3qovCnAtp_4XPH4AQA3o08gL6-9cguAWnlnhJX48AQ&oe=6585C800&_nc_sid=4f4799',
 'https://scontent-yyz1-1.cdninstagram.com/v/t51.2885-15/116736154_170607237855052_9045584575609215600_n.jpg?stp=dst-jpg_e35&efg=eyJ2ZW5jb2RlX3RhZyI6ImltYWdlX3VybGdlbi4xNDQweDEyMTIuc2RyIn0&_nc_ht=scontent-yyz1-1.cdninstagram.com&_nc_cat=104&_nc_ohc=zuTx9-GpLPgAX9rxkwL&edm=AABBvjUBAAAA&ccb=7-5&ig_cache_key=MjM2NzA3MTQwMTkxMzE4MDA3OQ%3D%3D.2-ccb7-5&oh=00_AfCGyjjAvnqsU6ggRvds1QMvb4az4Uu3dVIL0rS7rLGrmA&oe=6585C018&_nc_sid=4f4799',
 'https://scontent-yyz1-1.cdninstagram.com/v/t51.2885-15/106407750_195860408470682_8984522241805706675_n.jpg?stp=dst-jpg_e35&efg=eyJ2ZW5jb2RlX3RhZyI6ImltYWdlX3VybGdlbi4xNDQweDE0MzYuc2RyIn0&_nc_ht=scontent-yyz1-1.cdninstagram.com&_nc_cat=102&_nc_ohc=R6gg0rl8qugAX90ihEn&edm=AABBvjUBAAAA&ccb=7-5&ig_cache_key=MjM0MjUxOTYxNzQ5MjQ0NjM2MQ%3D%3D.2-ccb7-5&oh=00_AfDs0GwoWteuLfxjqthvyiD3nqdvOTpi4fzaDxkZOLdPIA&oe=6584A9E6&_nc_sid=4f4799',
 'https://scontent-yyz1-1.cdninstagram.com/v/t51.2885-15/31694820_596934887345137_4708603205297111040_n.jpg?stp=dst-jpg_e15_s640x640&_nc_ht=scontent-yyz1-1.cdninstagram.com&_nc_cat=101&_nc_ohc=CQJ7gIKVA9wAX8oChae&edm=APfKNqwBAAAA&ccb=7-5&oh=00_AfD18NVTL79lDGdGQmqy7e7_OS15QLcCmrg12Zu7c_Qo2g&oe=65829010&_nc_sid=721f0c',
 'https://scontent-yyz1-1.cdninstagram.com/v/t51.2885-15/14736449_1824312704481513_4752887058308005888_n.jpg?stp=dst-jpg_e35&efg=eyJ2ZW5jb2RlX3RhZyI6ImltYWdlX3VybGdlbi4xMDgweDEwODAuc2RyIn0&_nc_ht=scontent-yyz1-1.cdninstagram.com&_nc_cat=109&_nc_ohc=tPMEWnrNZ4QAX-56iNo&edm=AABBvjUBAAAA&ccb=7-5&ig_cache_key=MTM3MTg3MjY4MTU0NDMwNjc0MQ%3D%3D.2-ccb7-5&oh=00_AfAmkhs_bIlrRH2QEvSYsciWAztn63aIaJAzhuyiYSYbtw&oe=65855417&_nc_sid=4f4799',
 'https://scontent-yyz1-1.cdninstagram.com/v/t51.2885-15/11189347_367061170156724_1358775971_n.jpg?stp=dst-jpg_e15&efg=eyJ2ZW5jb2RlX3RhZyI6ImltYWdlX3VybGdlbi42MTJ4NjEyLnNkciJ9&_nc_ht=scontent-yyz1-1.cdninstagram.com&_nc_cat=108&_nc_ohc=qzO62AYInp4AX9_fXl5&edm=AABBvjUBAAAA&ccb=7-5&ig_cache_key=MjA2NjUyNzEwNDcxNzU5OTcz.2-ccb7-5&oh=00_AfCVZhM9fnLz60rQ6f1PC_LKd6TMEVPja0Ar16Cd7-5pzw&oe=6585F3E8&_nc_sid=4f4799',
 'https://scontent-yyz1-1.cdninstagram.com/v/t51.2885-15/274398514_2204759346348761_2704422975855620636_n.jpg?stp=dst-jpg_e35&efg=eyJ2ZW5jb2RlX3RhZyI6ImltYWdlX3VybGdlbi4xNDQweDEwODAuc2RyIn0&_nc_ht=scontent-yyz1-1.cdninstagram.com&_nc_cat=105&_nc_ohc=JmDRZ3Lz3BEAX-ItIUD&edm=AABBvjUBAAAA&ccb=7-5&ig_cache_key=Mjc3ODc4NzQzMjY4ODgxNDMyOQ%3D%3D.2-ccb7-5&oh=00_AfAH5wRKqkMROE9DFe3CuztpiwfiMolSoWVMcfiAHvxflg&oe=6584B89A&_nc_sid=4f4799',
 'https://scontent-yyz1-1.cdninstagram.com/v/t51.2885-15/51697645_638601326578105_2841945492917035414_n.jpg?stp=dst-jpg_e15&efg=eyJ2ZW5jb2RlX3RhZyI6ImltYWdlX3VybGdlbi43MjB4NzIwLnNkciJ9&_nc_ht=scontent-yyz1-1.cdninstagram.com&_nc_cat=101&_nc_ohc=KYqqzF-BNxsAX8z6-8T&edm=APfKNqwBAAAA&ccb=7-5&ig_cache_key=MTk3NDI4NDY4Nzg1Mzg0MDI4OQ%3D%3D.2-ccb7-5&oh=00_AfCfRYCaTa3qzUV2WN7u04-hOJkczejm5uuwu1bPP5kPhA&oe=65868660&_nc_sid=721f0c',
 'https://scontent-yyz1-1.cdninstagram.com/v/t51.2885-15/61949848_112863706444183_3478831193529577619_n.jpg?stp=dst-jpg_e35&_nc_ht=scontent-yyz1-1.cdninstagram.com&_nc_cat=107&_nc_ohc=F8-zn5nPs08AX-OCAbn&edm=AABBvjUBAAAA&ccb=7-5&ig_cache_key=MjA2NjIzNzk5Mzk3MDM3ODMzMQ%3D%3D.2-ccb7-5&oh=00_AfCPqCQcqFnb8Qc2-0plQW9SuwDus0hQhlxxgVPpDJH8ug&oe=65868A27&_nc_sid=4f4799',
 'https://scontent-yyz1-1.cdninstagram.com/v/t51.2885-15/21688787_390570504695011_1394594770277367808_n.jpg?stp=dst-jpg_e35&efg=eyJ2ZW5jb2RlX3RhZyI6ImltYWdlX3VybGdlbi4xMDgweDEwNzQuc2RyIn0&_nc_ht=scontent-yyz1-1.cdninstagram.com&_nc_cat=107&_nc_ohc=OckOXr5smdwAX-wuRPC&edm=AABBvjUBAAAA&ccb=7-5&ig_cache_key=MTYwNTkxNzcxMTcwMzg5Njg0OQ%3D%3D.2-ccb7-5&oh=00_AfD2kB7Ng_xAW1q6h4B53ZaTGtLRALEsMWwHYS4OSATqWQ&oe=6584BBD1&_nc_sid=4f4799',
 'https://scontent-yyz1-1.cdninstagram.com/o1/v/t16/f1/m84/B14236FA22EFD1139F08C57AB8CB0681_video_dashinit.mp4?efg=eyJxZV9ncm91cHMiOiJbXCJpZ193ZWJfZGVsaXZlcnlfdnRzX290ZlwiXSIsInZlbmNvZGVfdGFnIjoidnRzX3ZvZF91cmxnZW4uZmVlZC5jMi43MjAuYmFzZWxpbmUifQ&_nc_ht=scontent-yyz1-1.cdninstagram.com&_nc_cat=109&vs=1979433595770129_2722836666&_nc_vs=HBkcFQIYTGlnX2JhY2tmaWxsX3RpbWVsaW5lX3ZvZC9CMTQyMzZGQTIyRUZEMTEzOUYwOEM1N0FCOENCMDY4MV92aWRlb19kYXNoaW5pdC5tcDQVAALIAQAoABgAGwGIB3VzZV9vaWwBMBUAACbq2tqapeLRBxUCKAJDMywXQCrTdLxqfvoYEmRhc2hfYmFzZWxpbmVfMV92MREAdeoHAA%3D%3D&_nc_rid=b4c92e50cf&ccb=9-4&oh=00_AfDlxkN1_JDi1YcKFwPRb1Aoz8QH48eqyHZJNQ4VTA6xAw&oe=6582415A&_nc_sid=721f0c',
 'https://scontent-yyz1-1.cdninstagram.com/v/t51.2885-15/11427264_851900438192858_937217445_n.jpg?stp=dst-jpg_e15&efg=eyJ2ZW5jb2RlX3RhZyI6ImltYWdlX3VybGdlbi42MTJ4NjEyLnNkciJ9&_nc_ht=scontent-yyz1-1.cdninstagram.com&_nc_cat=102&_nc_ohc=0o4U5kODY6gAX8AXj4h&edm=AABBvjUBAAAA&ccb=7-5&ig_cache_key=NjIzMTM0ODIwMzQ4MzYwNzg2.2-ccb7-5&oh=00_AfDnugwbo240KEbZxcBxHDdHBX9vAYFdd0uCZ4-_cxp_uQ&oe=6584DA37&_nc_sid=4f4799',
 'https://scontent-yyz1-1.cdninstagram.com/v/t51.2885-15/274382691_1165120000985739_1455805885172159481_n.jpg?stp=dst-jpg_e35&efg=eyJ2ZW5jb2RlX3RhZyI6ImltYWdlX3VybGdlbi43MjB4ODk5LnNkciJ9&_nc_ht=scontent-yyz1-1.cdninstagram.com&_nc_cat=103&_nc_ohc=RyeEkCyTqMYAX9oOsRR&edm=AABBvjUBAAAA&ccb=7-5&ig_cache_key=Mjc3OTc2NjYzNzkwOTYyMDM2NQ%3D%3D.2-ccb7-5&oh=00_AfBhkjMT8ANL-lulLnsXPFzw1rYqDavuVI2uDLkS293vYQ&oe=658508F4&_nc_sid=4f4799',
 'https://scontent-yyz1-1.cdninstagram.com/v/t51.2885-15/274758065_474302820999874_5824887359003008639_n.jpg?stp=dst-jpg_e35&efg=eyJ2ZW5jb2RlX3RhZyI6ImltYWdlX3VybGdlbi4xNDQweDE3OTUuc2RyIn0&_nc_ht=scontent-yyz1-1.cdninstagram.com&_nc_cat=110&_nc_ohc=zb4gqxguMD4AX97am3A&edm=AABBvjUBAAAA&ccb=7-5&ig_cache_key=Mjc3OTc2ODMwMTIwNDQzMzE2OA%3D%3D.2-ccb7-5&oh=00_AfBcX7xXGtDo5SRpXf3faznUXon0ce91dLjo0od8W67aTw&oe=658696A7&_nc_sid=4f4799',
 'https://scontent-yyz1-1.cdninstagram.com/v/t51.2885-15/11258215_1009642615737250_1944654890_n.jpg?stp=dst-jpg_e15&efg=eyJ2ZW5jb2RlX3RhZyI6ImltYWdlX3VybGdlbi42MTJ4NjEyLnNkciJ9&_nc_ht=scontent-yyz1-1.cdninstagram.com&_nc_cat=110&_nc_ohc=tYo6RC9aslYAX_a7ZhY&edm=AABBvjUBAAAA&ccb=7-5&ig_cache_key=NTQxNzIwNDA2MjE1MjYxMTcy.2-ccb7-5&oh=00_AfClzh-X5bt-qgIVkjk-UxcA8xkWfeh-o2E3JmzYlGvHng&oe=6584F70E&_nc_sid=4f4799',
 'https://scontent-yyz1-1.cdninstagram.com/v/t51.2885-15/25016278_975228825951384_7158892737838710784_n.jpg?stp=dst-jpg_e35&efg=eyJ2ZW5jb2RlX3RhZyI6ImltYWdlX3VybGdlbi4xMDgweDEwODAuc2RyIn0&_nc_ht=scontent-yyz1-1.cdninstagram.com&_nc_cat=100&_nc_ohc=9f8PPuoPUXUAX9yG2qe&edm=AABBvjUBAAAA&ccb=7-5&ig_cache_key=MTY3NzM2OTUyMTY0MzMyMjY4Mg%3D%3D.2-ccb7-5&oh=00_AfBc2_ckOb9UEyblqYHFux14Awia3nNLYKvY3-qJWtKjsw&oe=65866498&_nc_sid=4f4799',
 'https://scontent-yyz1-1.cdninstagram.com/v/t51.2885-15/10882027_412692092215982_406145856_n.jpg?stp=dst-jpg_e15&efg=eyJ2ZW5jb2RlX3RhZyI6ImltYWdlX3VybGdlbi42NDB4NjQwLnNkciJ9&_nc_ht=scontent-yyz1-1.cdninstagram.com&_nc_cat=102&_nc_ohc=uN7CDqOe2ugAX-kOc0r&edm=AABBvjUBAAAA&ccb=7-5&ig_cache_key=ODg3NzkwNzIwOTY1NTcyNzgx.2-ccb7-5&oh=00_AfCY-t-uVmjlK3nCIaOkNKjVZqOgmdSnzeY3lcvPm_4Qvg&oe=65868943&_nc_sid=4f4799',
 'https://scontent-yyz1-1.cdninstagram.com/v/t51.2885-15/209618395_362213921959892_1182950882557021198_n.jpg?stp=dst-jpg_e35&efg=eyJ2ZW5jb2RlX3RhZyI6ImltYWdlX3VybGdlbi4xNDQweDE0NDAuc2RyIn0&_nc_ht=scontent-yyz1-1.cdninstagram.com&_nc_cat=108&_nc_ohc=VdjgqtCP9QEAX8DTPIl&edm=AABBvjUBAAAA&ccb=7-5&ig_cache_key=MjYwOTIxODA0NDY0NjE3MzQ4NQ%3D%3D.2-ccb7-5&oh=00_AfD5OgXYW-QyGEvkgQot94meDZsOGqPBiNZt99oNp6zWPw&oe=6584FCA3&_nc_sid=4f4799',
 'https://scontent-yyz1-1.cdninstagram.com/v/t51.2885-15/57278057_417084502357863_3811258127214225224_n.jpg?stp=dst-jpg_e35&efg=eyJ2ZW5jb2RlX3RhZyI6ImltYWdlX3VybGdlbi43MjB4NzIwLnNkciJ9&_nc_ht=scontent-yyz1-1.cdninstagram.com&_nc_cat=103&_nc_ohc=SiWwpHMchnQAX-i-seJ&edm=APfKNqwBAAAA&ccb=7-5&ig_cache_key=MjAzMjE1NDU5OTIwMDU5NzIwMw%3D%3D.2-ccb7-5&oh=00_AfBjPZu9fv3MAh6Wu-1BG3n6tkmMK8_QZxAl-rtwGMifbA&oe=65859D76&_nc_sid=721f0c',
 'https://scontent-yyz1-1.cdninstagram.com/v/t51.2885-15/60398621_368004583850275_6935816153816564548_n.jpg?stp=dst-jpg_e35&efg=eyJ2ZW5jb2RlX3RhZyI6ImltYWdlX3VybGdlbi4xNDQweDE0NDAuc2RyIn0&_nc_ht=scontent-yyz1-1.cdninstagram.com&_nc_cat=107&_nc_ohc=OypaCMtcTaUAX-2REh8&edm=AABBvjUBAAAA&ccb=7-5&ig_cache_key=MjA1NzY4OTgxNTY0NjE4Nzg0MA%3D%3D.2-ccb7-5&oh=00_AfC7lMm-EoNncXAzImJCgmO8juHL-eB3KTGRFJr4Eiasow&oe=65855BB5&_nc_sid=4f4799',
 'https://scontent-yyz1-1.cdninstagram.com/v/t51.2885-15/22221308_280467619107150_3652859888427597824_n.jpg?stp=dst-jpg_e35&efg=eyJ2ZW5jb2RlX3RhZyI6ImltYWdlX3VybGdlbi4xMDgweDEwODAuc2RyIn0&_nc_ht=scontent-yyz1-1.cdninstagram.com&_nc_cat=106&_nc_ohc=RZqP-L1-DjQAX9LT41j&edm=AABBvjUBAAAA&ccb=7-5&ig_cache_key=MTYyMDc5Njk3NTU0MDQ4NDE1OA%3D%3D.2-ccb7-5&oh=00_AfCC80Nni1LfFFJsY_GNWYW6QN5AgrOkzVhSJ7ko_Uidxg&oe=6585D788&_nc_sid=4f4799',
 'https://scontent-yyz1-1.cdninstagram.com/v/t51.2885-15/18160774_102869126949127_7333884355611197440_n.jpg?stp=dst-jpg_e35&efg=eyJ2ZW5jb2RlX3RhZyI6ImltYWdlX3VybGdlbi4xMDgweDEwODAuc2RyIn0&_nc_ht=scontent-yyz1-1.cdninstagram.com&_nc_cat=107&_nc_ohc=BM6yvkpemZwAX9Fvl2U&edm=AABBvjUBAAAA&ccb=7-5&ig_cache_key=MTUwMTg0MTA2MzY3NzM0Njg5OA%3D%3D.2-ccb7-5&oh=00_AfBObcljMI3P7euRWbndKnW0Xc8eG6_VB1nak_t9wJmEdQ&oe=6586A097&_nc_sid=4f4799',
 'https://scontent-yyz1-1.cdninstagram.com/v/t51.2885-15/11335604_1608779246034752_594669790_n.jpg?stp=dst-jpg_e15&efg=eyJ2ZW5jb2RlX3RhZyI6ImltYWdlX3VybGdlbi42MTJ4NjEyLnNkciJ9&_nc_ht=scontent-yyz1-1.cdninstagram.com&_nc_cat=108&_nc_ohc=X3OFnKmEtoYAX9LEgEX&edm=AABBvjUBAAAA&ccb=7-5&ig_cache_key=NTQ3ODg5MjIwODA4MjQzMzA3.2-ccb7-5&oh=00_AfCXP-Mn4KfilzvkeH-1_CeEMOUJ1cwJ9LYZYo1cgULf8Q&oe=65864F08&_nc_sid=4f4799',
 'https://scontent-yyz1-1.cdninstagram.com/v/t51.2885-15/278728696_836545321072735_8167564979902551040_n.jpg?stp=dst-jpg_e35&efg=eyJ2ZW5jb2RlX3RhZyI6ImltYWdlX3VybGdlbi4xNDQweDEwODUuc2RyIn0&_nc_ht=scontent-yyz1-1.cdninstagram.com&_nc_cat=107&_nc_ohc=Sx27tfoyCV8AX_4jVNQ&edm=AABBvjUBAAAA&ccb=7-5&ig_cache_key=MjgyMDMyNTYxNTc3NDg4NTcyNQ%3D%3D.2-ccb7-5&oh=00_AfDLHExPw1VL_xgdKLv0KDof2Rrt17TnxTTw3EEWJa6Z9A&oe=6586676A&_nc_sid=4f4799',
 'https://scontent-yyz1-1.cdninstagram.com/v/t51.2885-15/53619826_2307576746177264_3481064340301471852_n.jpg?stp=dst-jpg_e35&_nc_ht=scontent-yyz1-1.cdninstagram.com&_nc_cat=108&_nc_ohc=UmLABR4epT8AX_d3zHd&edm=AABBvjUBAAAA&ccb=7-5&ig_cache_key=MjAwODkxMTIwMjI1MzMwODA5OA%3D%3D.2-ccb7-5&oh=00_AfCRWhPRtZGIZGw9I8crT1UtrjopNDR0KAdQERAQ6C15sg&oe=6585D7DC&_nc_sid=4f4799',
 'https://scontent-yyz1-1.cdninstagram.com/v/t51.2885-15/47581364_126827881680819_3872283409421229551_n.jpg?stp=dst-jpg_e35&efg=eyJ2ZW5jb2RlX3RhZyI6ImltYWdlX3VybGdlbi4xMDgweDEwODAuc2RyIn0&_nc_ht=scontent-yyz1-1.cdninstagram.com&_nc_cat=103&_nc_ohc=c790aHtYtWwAX-vtFsh&edm=AABBvjUBAAAA&ccb=7-5&ig_cache_key=MTk0NTI1MDkzMjI4Nzk5NjIzMg%3D%3D.2-ccb7-5&oh=00_AfCeMoacG6e0DQsK1WN-ZnGyVTVmTlCOMpnq791cfMWjIg&oe=6584EC9F&_nc_sid=4f4799',
 'https://scontent-yyz1-1.cdninstagram.com/v/t51.2885-15/274387184_104333522143079_4028805373284145670_n.jpg?stp=dst-jpg_e35&efg=eyJ2ZW5jb2RlX3RhZyI6ImltYWdlX3VybGdlbi43MjB4ODk5LnNkciJ9&_nc_ht=scontent-yyz1-1.cdninstagram.com&_nc_cat=111&_nc_ohc=sAl0TtPs8zwAX-1xbS8&edm=AABBvjUBAAAA&ccb=7-5&ig_cache_key=Mjc3OTc2NjYzNjk5NTMxMDEzOA%3D%3D.2-ccb7-5&oh=00_AfDx29XFImLesw1NE8BH_78l7vvoOLw6tmU05NI-1GdkoA&oe=6584D170&_nc_sid=4f4799',
 'https://scontent-yyz1-1.cdninstagram.com/v/t51.2885-15/11202471_843091932412976_549293349_n.jpg?stp=dst-jpg_e15&efg=eyJ2ZW5jb2RlX3RhZyI6ImltYWdlX3VybGdlbi42MTJ4NjEyLnNkciJ9&_nc_ht=scontent-yyz1-1.cdninstagram.com&_nc_cat=108&_nc_ohc=pUiq8SYPYHAAX8_mlWE&edm=AABBvjUBAAAA&ccb=7-5&ig_cache_key=MTg0MTQ4ODAyMDMzODQyMzkw.2-ccb7-5&oh=00_AfDRXKIDH-WBqjg5dbglTSM9QYf_NSPXdBK-ybVyVSXbGg&oe=65857737&_nc_sid=4f4799',
 'https://scontent-yyz1-1.cdninstagram.com/o1/v/t16/f1/m84/304F06AD1572BA0164CAD8A6DB6F7181_video_dashinit.mp4?efg=eyJxZV9ncm91cHMiOiJbXCJpZ193ZWJfZGVsaXZlcnlfdnRzX290ZlwiXSIsInZlbmNvZGVfdGFnIjoidnRzX3ZvZF91cmxnZW4uZmVlZC5jMi42NDAuYmFzZWxpbmUifQ&_nc_ht=scontent-yyz1-1.cdninstagram.com&_nc_cat=104&vs=607659254776900_2793072231&_nc_vs=HBksFQIYTGlnX2JhY2tmaWxsX3RpbWVsaW5lX3ZvZC8zMDRGMDZBRDE1NzJCQTAxNjRDQUQ4QTZEQjZGNzE4MV92aWRlb19kYXNoaW5pdC5tcDQVAALIAQAVAhg6cGFzc3Rocm91Z2hfZXZlcnN0b3JlL0dOOTZyUmJUc2gtekw0b0NBRTd5SGlwMU1nQWhicGt3QUFBRhUCAsgBACgAGAAbAYgHdXNlX29pbAEwFQAAJtTZtNGjoo8EFQIoAkMzLBdAKe6XjU%2FfOxgSZGFzaF9iYXNlbGluZV8xX3YxEQB16gcA&_nc_rid=673282cdf8&ccb=9-4&oh=00_AfCnAMjwZsFj00qKJ_VJZLY0s-ZdLoaVjkGsMMbZFaZR3g&oe=658223F4&_nc_sid=721f0c',
 'https://scontent-yyz1-1.cdninstagram.com/v/t51.2885-15/21985442_119989088687733_5827581669263015936_n.jpg?stp=dst-jpg_e35&efg=eyJ2ZW5jb2RlX3RhZyI6ImltYWdlX3VybGdlbi4xMDgweDgxMC5zZHIifQ&_nc_ht=scontent-yyz1-1.cdninstagram.com&_nc_cat=109&_nc_ohc=ksiU2K_AVeAAX8HCRsy&edm=AABBvjUBAAAA&ccb=7-5&ig_cache_key=MTYxMzQ4NzM3MzM5MjE5OTA2NQ%3D%3D.2-ccb7-5&oh=00_AfAgcjc4O1UIvmjNFJpThM-cVDOmMP7yKH7qFsr6s05ARA&oe=6585EACE&_nc_sid=4f4799',
 'https://scontent-yyz1-1.cdninstagram.com/v/t51.2885-15/76949821_279141509653207_2982994699237959400_n.jpg?stp=dst-jpg_e35&efg=eyJ2ZW5jb2RlX3RhZyI6ImltYWdlX3VybGdlbi4xMTk2eDExOTMuc2RyIn0&_nc_ht=scontent-yyz1-1.cdninstagram.com&_nc_cat=107&_nc_ohc=z_l4pP7G9nQAX9boZTo&edm=AABBvjUBAAAA&ccb=7-5&ig_cache_key=MjE4MzEzMDIyMDgzODkwNjM2MA%3D%3D.2-ccb7-5&oh=00_AfDAD4XrSsS2Av4LkqWUjn6tCUl8rZXeGW6tubZoUQPNXA&oe=65859A79&_nc_sid=4f4799',
 'https://scontent-yyz1-1.cdninstagram.com/o1/v/t16/f1/m84/7E4B6F5E63A4D39D92D52232918E4491_video_dashinit.mp4?efg=eyJxZV9ncm91cHMiOiJbXCJpZ193ZWJfZGVsaXZlcnlfdnRzX290ZlwiXSIsInZlbmNvZGVfdGFnIjoidnRzX3ZvZF91cmxnZW4uZmVlZC5jMi43MjAuYmFzZWxpbmUifQ&_nc_ht=scontent-yyz1-1.cdninstagram.com&_nc_cat=105&vs=238090062560605_2395225734&_nc_vs=HBksFQIYTGlnX2JhY2tmaWxsX3RpbWVsaW5lX3ZvZC83RTRCNkY1RTYzQTREMzlEOTJENTIyMzI5MThFNDQ5MV92aWRlb19kYXNoaW5pdC5tcDQVAALIAQAVAhg6cGFzc3Rocm91Z2hfZXZlcnN0b3JlL0dBRjFmUmFKVzUzZkRfNERBQjM1ZDhoS290VTBicGt3QUFBRhUCAsgBACgAGAAbAYgHdXNlX29pbAEwFQAAJq7lmMr5vewBFQIoAkMzLBdAKGZmZmZmZhgSZGFzaF9iYXNlbGluZV8xX3YxEQB16gcA&_nc_rid=b5db49cf39&ccb=9-4&oh=00_AfBwTQcqjRacBYPWymqa_OiPgjwbO7Nsl4JEe4j8Jp5CTw&oe=65822CB5&_nc_sid=721f0c',
 'https://scontent-yyz1-1.cdninstagram.com/v/t51.2885-15/891524_360355654123746_1100246520_n.jpg?stp=dst-jpg_e15&efg=eyJ2ZW5jb2RlX3RhZyI6ImltYWdlX3VybGdlbi42NDB4NjQwLnNkciJ9&_nc_ht=scontent-yyz1-1.cdninstagram.com&_nc_cat=106&_nc_ohc=02IdY5iaVAoAX-NSZRO&edm=AABBvjUBAAAA&ccb=7-5&ig_cache_key=ODM5OTE5NTA2NTE5OTE0NjIz.2-ccb7-5&oh=00_AfDAVuf1SzNNc5YOqHGl5SVmqrlovIJWx_qQN96_2uonTA&oe=65856B8C&_nc_sid=4f4799',
 'https://scontent-yyz1-1.cdninstagram.com/v/t51.2885-15/209618395_362213921959892_1182950882557021198_n.jpg?stp=dst-jpg_e35&_nc_ht=scontent-yyz1-1.cdninstagram.com&_nc_cat=108&_nc_ohc=VdjgqtCP9QEAX8DTPIl&edm=AABBvjUBAAAA&ccb=7-5&ig_cache_key=MjYwOTIxODA0NDY0NjE3MzQ4NQ%3D%3D.2-ccb7-5&oh=00_AfD5OgXYW-QyGEvkgQot94meDZsOGqPBiNZt99oNp6zWPw&oe=6584FCA3&_nc_sid=4f4799',
 'https://scontent-yyz1-1.cdninstagram.com/o1/v/t16/f1/m84/4F49389B563131B0F1BB41EAF76662A2_video_dashinit.mp4?efg=eyJxZV9ncm91cHMiOiJbXCJpZ193ZWJfZGVsaXZlcnlfdnRzX290ZlwiXSIsInZlbmNvZGVfdGFnIjoidnRzX3ZvZF91cmxnZW4uZmVlZC5jMi43MjAuYmFzZWxpbmUifQ&_nc_ht=scontent-yyz1-1.cdninstagram.com&_nc_cat=101&vs=623122043301698_409799898&_nc_vs=HBksFQIYTGlnX2JhY2tmaWxsX3RpbWVsaW5lX3ZvZC80RjQ5Mzg5QjU2MzEzMUIwRjFCQjQxRUFGNzY2NjJBMl92aWRlb19kYXNoaW5pdC5tcDQVAALIAQAVAhg6cGFzc3Rocm91Z2hfZXZlcnN0b3JlL0dJZTZEUmYtVjUtWGhJNERBQkJIY1dtdmtCZEticGt3QUFBRhUCAsgBACgAGAAbAYgHdXNlX29pbAEwFQAAJsbMpPSNgPg%2FFQIoAkMzLBdAMWZmZmZmZhgSZGFzaF9iYXNlbGluZV8xX3YxEQB16gcA&_nc_rid=a32e9b90b1&ccb=9-4&oh=00_AfBLe7F2JEup-1Vy3CYHO-o8BUhAmBrAi1x0wZ4gakixkA&oe=65826DE4&_nc_sid=721f0c',
 'https://scontent-yyz1-1.cdninstagram.com/o1/v/t16/f1/m84/FC49F4F58BA368919924DF4896DDFD89_video_dashinit.mp4?efg=eyJxZV9ncm91cHMiOiJbXCJpZ193ZWJfZGVsaXZlcnlfdnRzX290ZlwiXSIsInZlbmNvZGVfdGFnIjoidnRzX3ZvZF91cmxnZW4uY2Fyb3VzZWxfaXRlbS5jMi43MjAuYmFzZWxpbmUifQ&_nc_ht=scontent-yyz1-1.cdninstagram.com&_nc_cat=104&vs=317586790919956_519574539&_nc_vs=HBksFQIYTGlnX2JhY2tmaWxsX3RpbWVsaW5lX3ZvZC9GQzQ5RjRGNThCQTM2ODkxOTkyNERGNDg5NkRERkQ4OV92aWRlb19kYXNoaW5pdC5tcDQVAALIAQAVAhg6cGFzc3Rocm91Z2hfZXZlcnN0b3JlL0dLd1VwaGFiSV9JVng0WVpBSWdwQ2tSTmJZRWlicGt3QUFBRhUCAsgBACgAGAAbAYgHdXNlX29pbAEwFQAAJuDlg6HClvM%2FFQIoAkMzLBdANTul41P3zxgSZGFzaF9iYXNlbGluZV8xX3YxEQB17gcA&_nc_rid=181e1a94ec&ccb=9-4&oh=00_AfBLckUXrAmdDCLoUn1f8GTRMf1JGfkQaUtWf6oZ8xfpfg&oe=6582AA59&_nc_sid=4f4799'